iter,attempt,entry_params,exit_params,trades,final_equity,net_profit_abs,total_return_%,max_drawdown_%,max_drawdown_abs_%,avg_bars_held,long_trade_pct,short_trade_pct,commission_sum,win_rate_%,avg_profit_per_trade,avg_mfe,avg_mae,avg_mfe_R,avg_mae_R,avg_giveback,wins,losses,equity_years,cagr_%,sortino,mar,favourable
1,1,"[{'min_rr': 1.0, 'atr_dist_for_liq_generation': 1.4, 'liq_move_away_atr': 1.0, 'max_rr': 10.0}]","{'atr_period': 14, 'rr': 1.5, 'sldist_atr_mult': 1.5}",97,91860.73088438647,-8139.269115613526,-8.139269115613523,-13.35387740722409,13.35387740722409,8.97938144329897,44.329896907216494,55.670103092783506,2170.7078095649867,38.144329896907216,-83.90999088261356,0.0025110309278350566,-0.002540412371134012,1.0673945465613395,-1.0646913098945838,0.6946991820568025,37,60,1.987565594341775,-4.1814450847942,-0.8188166996080247,-0.3131259152141198,False
2,2,"[{'min_rr': 1.0, 'atr_dist_for_liq_generation': 1.4, 'liq_move_away_atr': 1.5, 'max_rr': 10.0}]","{'atr_period': 14, 'rr': 1.5, 'sldist_atr_mult': 1.5}",90,89497.37910938762,-10502.62089061238,-10.50262089061238,-15.583070073719751,15.583070073719751,9.055555555555555,43.333333333333336,56.666666666666664,1939.5156233465318,36.666666666666664,-116.69578767347176,0.0024925555555555595,-0.0026099999999999964,0.9927144593916176,-1.0867191562876022,0.6990785687390447,33,57,1.987565594341775,-5.429775720221119,-1.1280631042212457,-0.34844069201602496,False
3,3,"[{'min_rr': 1.0, 'atr_dist_for_liq_generation': 1.4, 'liq_move_away_atr': 2.0, 'max_rr': 10.0}]","{'atr_period': 14, 'rr': 1.5, 'sldist_atr_mult': 1.5}",85,91962.04534164278,-8037.954658357223,-8.037954658357227,-13.258314212817346,13.258314212817346,8.68235294117647,45.88235294117647,54.11764705882353,1844.4282727415275,37.64705882352941,-94.56417245126156,0.002491058823529415,-0.0025621176470588193,0.9934148931126981,-1.0359667633351077,0.6927753582116051,32,53,1.987565594341775,-4.1282892769067825,-0.8699604870737345,-0.3113736188961187,False
4,4,"[{'min_rr': 1.0, 'atr_dist_for_liq_generation': 1.4, 'liq_move_away_atr': 2.5, 'max_rr': 10.0}]","{'atr_period': 14, 'rr': 1.5, 'sldist_atr_mult': 1.5}",83,89373.080444734,-10626.919555265995,-10.62691955526599,-16.190336375816138,16.190336375816138,8.55421686746988,46.98795180722892,53.01204819277109,1753.082971285335,36.144578313253014,-128.03517536465043,0.0025095180722891604,-0.002577831325301199,0.9775462623927196,-1.020765473627553,0.7048449956505534,30,53,1.987565594341775,-5.495881437478922,-1.1932501603423988,-0.33945443194671615,False
5,5,"[{'min_rr': 1.0, 'atr_dist_for_liq_generation': 1.4, 'liq_move_away_atr': 3.0, 'max_rr': 10.0}]","{'atr_period': 14, 'rr': 1.5, 'sldist_atr_mult': 1.5}",75,85763.38993038896,-14236.610069611037,-14.236610069611032,-19.105093914035255,19.105093914035255,9.12,44.0,56.00000000000001,1465.6732321133752,33.33333333333333,-189.82146759481373,0.002538000000000009,-0.0026619999999999955,0.946106400200536,-1.0544062143241726,0.7247899556054089,25,50,1.987565594341775,-7.4359529084291225,-1.7120054835342178,-0.38921310420601585,False
6,6,"[{'min_rr': 1.0, 'atr_dist_for_liq_generation': 1.4, 'liq_move_away_atr': 3.5, 'max_rr': 10.0}]","{'atr_period': 14, 'rr': 1.5, 'sldist_atr_mult': 1.5}",73,87597.86117344946,-12402.138826550537,-12.402138826550535,-16.15639326870053,16.15639326870053,9.232876712328768,47.94520547945205,52.054794520547944,1413.3047881170037,34.24657534246575,-169.89231269247304,0.0025821917808219255,-0.0026476712328767048,0.9507462110457221,-1.0403857131425631,0.7164105531494718,25,48,1.987565594341775,-6.445029095928401,-1.4998033612438602,-0.39891509130408653,False
7,7,"[{'min_rr': 1.0, 'atr_dist_for_liq_generation': 1.4, 'liq_move_away_atr': 4.0, 'max_rr': 10.0}]","{'atr_period': 14, 'rr': 1.5, 'sldist_atr_mult': 1.5}",65,95170.14125443014,-4829.858745569858,-4.82985874556986,-12.583718999323501,12.583718999323501,9.938461538461539,47.69230769230769,52.307692307692314,1313.5189757176495,38.46153846153847,-74.30551916261315,0.002804923076923091,-0.0026438461538461446,1.063235855528885,-1.0127134466783094,0.6871083893170691,25,40,1.987565594341775,-2.459920297385021,-0.5779315814815656,-0.19548436336803657,False
8,8,"[{'min_rr': 1.0, 'atr_dist_for_liq_generation': 1.4, 'liq_move_away_atr': 4.5, 'max_rr': 10.0}]","{'atr_period': 14, 'rr': 1.5, 'sldist_atr_mult': 1.5}",66,83155.19235416528,-16844.80764583472,-16.844807645834724,-19.55237509377552,19.55237509377552,9.878787878787879,46.96969696969697,53.03030303030303,1281.1538659400885,30.303030303030305,-255.2243582702226,0.0025748484848485014,-0.0029380303030302965,0.9023033008979401,-1.120489105698415,0.7430237002966938,20,46,1.987565594341775,-8.863132695112942,-2.1660846458336187,-0.4533021002616972,False
9,9,"[{'min_rr': 1.0, 'atr_dist_for_liq_generation': 1.4, 'liq_move_away_atr': 5.0, 'max_rr': 10.0}]","{'atr_period': 14, 'rr': 1.5, 'sldist_atr_mult': 1.5}",66,83160.99955360881,-16839.00044639119,-16.839000446391196,-19.546756979147162,19.546756979147162,9.969696969696969,46.96969696969697,53.03030303030303,1288.5387063510746,30.303030303030305,-255.13637039986696,0.0025581818181818297,-0.0029393939393939387,0.892970041379398,-1.1122300530775797,0.747038954979558,20,46,1.987565594341775,-8.859930539298267,-2.1655652234525764,-0.4532685677092217,False
10,10,"[{'min_rr': 1.0, 'atr_dist_for_liq_generation': 1.4, 'liq_move_away_atr': 5.5, 'max_rr': 10.0}]","{'atr_period': 14, 'rr': 1.5, 'sldist_atr_mult': 1.5}",55,86553.09596202424,-13446.904037975764,-13.44690403797576,-15.063036736959901,15.063036736959901,8.927272727272728,49.09090909090909,50.90909090909091,1025.1616797667593,30.909090909090907,-244.4891643268325,0.002628545454545464,-0.003094181818181818,0.8716100178069413,-1.1199703318262582,0.7416927830857445,17,38,1.987565594341775,-7.00810018185809,-1.865875441473978,-0.46525148309984804,False
11,11,"[{'min_rr': 1.0, 'atr_dist_for_liq_generation': 1.6, 'liq_move_away_atr': 1.0, 'max_rr': 10.0}]","{'atr_period': 14, 'rr': 1.5, 'sldist_atr_mult': 1.5}",80,94402.73339588389,-5597.266604116114,-5.597266604116113,-10.264559910310977,10.264559910310977,9.9,46.25,53.75,1815.1310726187612,38.75,-69.96583255145129,0.002587625000000002,-0.0024162499999999974,1.0675679784532515,-1.0124694749806165,0.687102256571752,31,49,1.987565594341775,-2.8564354744375797,-0.6020835365835276,-0.2782813388393035,False
12,12,"[{'min_rr': 1.0, 'atr_dist_for_liq_generation': 1.6, 'liq_move_away_atr': 1.5, 'max_rr': 10.0}]","{'atr_period': 14, 'rr': 1.5, 'sldist_atr_mult': 1.5}",75,94617.31522550597,-5382.684774494031,-5.382684774494029,-9.321518501334591,9.321518501334591,9.946666666666667,44.0,56.00000000000001,1705.4357898152223,38.666666666666664,-71.76913032658724,0.0025864000000000004,-0.0024372,1.0437134398461991,-1.0175187932236305,0.6837437497775769,29,46,1.987565594341775,-2.7454014965193507,-0.5986698506751087,-0.29452298958869016,False
13,13,"[{'min_rr': 1.0, 'atr_dist_for_liq_generation': 1.6, 'liq_move_away_atr': 2.0, 'max_rr': 10.0}]","{'atr_period': 14, 'rr': 1.5, 'sldist_atr_mult': 1.5}",75,96953.66916434944,-3046.3308356505586,-3.046330835650557,-9.112956907760129,9.112956907760129,9.106666666666667,46.666666666666664,53.333333333333336,1768.5213877896913,40.0,-40.61774447534195,0.0025348,-0.0023884,1.0506972620791095,-0.997369977607334,0.677575734252778,30,45,1.987565594341775,-1.544473940961033,-0.3083036598022997,-0.16948109780326492,False
14,14,"[{'min_rr': 1.0, 'atr_dist_for_liq_generation': 1.6, 'liq_move_away_atr': 2.5, 'max_rr': 10.0}]","{'atr_period': 14, 'rr': 1.5, 'sldist_atr_mult': 1.5}",73,91911.74713844288,-8088.252861557121,-8.088252861557121,-12.51958205743675,12.51958205743675,8.945205479452055,46.57534246575342,53.42465753424658,1654.6731114632698,36.986301369863014,-110.79798440489331,0.002541506849315071,-0.0024346575342465717,1.0161338848873782,-1.009487564886384,0.7014493789182425,27,46,1.987565594341775,-4.15467517496354,-0.9504407751712636,-0.3318541430459033,False
15,15,"[{'min_rr': 1.0, 'atr_dist_for_liq_generation': 1.6, 'liq_move_away_atr': 3.0, 'max_rr': 10.0}]","{'atr_period': 14, 'rr': 1.5, 'sldist_atr_mult': 1.5}",66,89508.63324185436,-10491.36675814564,-10.491366758145638,-13.063216520431187,13.063216520431187,9.56060606060606,43.93939393939394,56.060606060606055,1393.11866655271,34.84848484848485,-158.96010239614554,0.0025931818181818304,-0.0025407575757575743,0.9951781359863798,-1.0449286589929947,0.7174858060555931,23,43,1.987565594341775,-5.4237926915070345,-1.3196350802115298,-0.41519580441953874,False
16,16,"[{'min_rr': 1.0, 'atr_dist_for_liq_generation': 1.6, 'liq_move_away_atr': 3.5, 'max_rr': 10.0}]","{'atr_period': 14, 'rr': 1.5, 'sldist_atr_mult': 1.5}",62,88793.6127789225,-11206.3872210775,-11.206387221077495,-12.48599034811444,12.48599034811444,9.838709677419354,46.774193548387096,53.2258064516129,1274.0251046473488,33.87096774193548,-180.74818098512108,0.0025735483870967836,-0.002579193548387093,0.9678248850934242,-1.0518464009779944,0.7216547915061665,21,41,1.987565594341775,-5.804664169711526,-1.4584538884231553,-0.464894174020254,False
17,17,"[{'min_rr': 1.0, 'atr_dist_for_liq_generation': 1.6, 'liq_move_away_atr': 4.0, 'max_rr': 10.0}]","{'atr_period': 14, 'rr': 1.5, 'sldist_atr_mult': 1.5}",55,95459.16693906103,-4540.833060938967,-4.540833060938965,-9.689039698079993,9.689039698079993,10.436363636363636,43.63636363636363,56.36363636363636,1186.7841083988897,38.18181818181819,-82.56060110798131,0.0027390909090909245,-0.002553636363636359,1.0720621666301604,-1.0281545358190634,0.6934003988007226,21,34,1.987565594341775,-2.310994455308424,-0.593826889060623,-0.23851635738125596,False
18,18,"[{'min_rr': 1.0, 'atr_dist_for_liq_generation': 1.6, 'liq_move_away_atr': 4.5, 'max_rr': 10.0}]","{'atr_period': 14, 'rr': 1.5, 'sldist_atr_mult': 1.5}",56,85508.58162505043,-14491.418374949571,-14.491418374949571,-15.701580109537405,15.701580109537405,10.071428571428571,44.642857142857146,55.35714285714286,1172.1419290633394,30.357142857142854,-258.7753281241002,0.0024791071428571627,-0.0028616071428571427,0.8934135951713723,-1.138793912155828,0.7450381755286452,17,39,1.987565594341775,-7.574422185002561,-1.993268638404045,-0.48239872243187354,False
19,19,"[{'min_rr': 1.0, 'atr_dist_for_liq_generation': 1.6, 'liq_move_away_atr': 5.0, 'max_rr': 10.0}]","{'atr_period': 14, 'rr': 1.5, 'sldist_atr_mult': 1.5}",58,83768.34118218264,-16231.658817817355,-16.23165881781735,-17.417191768335595,17.417191768335595,10.172413793103448,43.103448275862064,56.896551724137936,1210.2066884555659,29.310344827586203,-279.8561865140925,0.0024332758620689765,-0.002861034482758628,0.8761456688173118,-1.1260897347171979,0.7584572189218743,17,41,1.987565594341775,-8.525646680135946,-2.205606320846251,-0.4894960561687991,False
20,20,"[{'min_rr': 1.0, 'atr_dist_for_liq_generation': 1.6, 'liq_move_away_atr': 5.5, 'max_rr': 10.0}]","{'atr_period': 14, 'rr': 1.5, 'sldist_atr_mult': 1.5}",49,87565.75993900087,-12434.240060999131,-12.434240060999135,-12.434240060999135,12.434240060999135,8.83673469387755,46.93877551020408,53.06122448979592,962.3346344761345,30.612244897959183,-253.76000124488039,0.002532244897959192,-0.003008163265306131,0.8651878765275485,-1.1273744852914886,0.7496656480958791,15,34,1.987565594341775,-6.462280052162839,-1.813263373850483,-0.5197165263386085,False
21,21,"[{'min_rr': 1.0, 'atr_dist_for_liq_generation': 1.8, 'liq_move_away_atr': 1.0, 'max_rr': 10.0}]","{'atr_period': 14, 'rr': 1.5, 'sldist_atr_mult': 1.5}",64,103477.0653427776,3477.065342777598,3.4770653427776077,-8.172203960992752,8.172203960992752,11.328125,46.875,53.125,1503.5589341014118,43.75,54.32914598090068,0.0029284374999999987,-0.0023453124999999984,1.2024392587127704,-0.9455480766740008,0.6597516907904123,28,36,1.987565594341775,1.734553836525654,0.5317657544161454,0.2122504338860067,True
22,22,"[{'min_rr': 1.0, 'atr_dist_for_liq_generation': 1.8, 'liq_move_away_atr': 1.5, 'max_rr': 10.0}]","{'atr_period': 14, 'rr': 1.5, 'sldist_atr_mult': 1.5}",62,103083.09254427471,3083.0925442747102,3.0830925442747015,-7.500966343604998,7.500966343604998,11.419354838709678,45.16129032258064,54.83870967741935,1434.807661418388,43.54838709677419,49.72729910120603,0.0029432258064516124,-0.0023880645161290298,1.1748765399266765,-0.9565168328824684,0.6551603818698034,27,35,1.987565594341775,1.539488308885839,0.48462788444465277,0.20523866370875546,True
23,23,"[{'min_rr': 1.0, 'atr_dist_for_liq_generation': 1.8, 'liq_move_away_atr': 2.0, 'max_rr': 10.0}]","{'atr_period': 14, 'rr': 1.5, 'sldist_atr_mult': 1.5}",61,104145.88213744678,4145.882137446781,4.145882137446777,-7.500966343604986,7.500966343604986,10.524590163934427,47.540983606557376,52.459016393442624,1443.812419525973,44.26229508196721,67.96528094174988,0.0029003278688524586,-0.0023627868852458996,1.1724802923759017,-0.9425925512358283,0.6551432424067826,27,34,1.987565594341775,2.064858265066305,0.6348424566943084,0.2752789667996201,True
24,24,"[{'min_rr': 1.0, 'atr_dist_for_liq_generation': 1.8, 'liq_move_away_atr': 2.5, 'max_rr': 10.0}]","{'atr_period': 14, 'rr': 1.5, 'sldist_atr_mult': 1.5}",62,100544.38312195102,544.3831219510175,0.5443831219510198,-8.462427834054843,8.462427834054843,10.016129032258064,48.38709677419355,51.61290322580645,1432.857520162481,41.935483870967744,8.780372934694803,0.0028582258064516145,-0.0023520967741935397,1.135540254387868,-0.9398519966578249,0.671332946904325,26,36,1.987565594341775,0.27352499415760345,0.1378314450729833,0.032322283808066656,True
25,25,"[{'min_rr': 1.0, 'atr_dist_for_liq_generation': 1.8, 'liq_move_away_atr': 3.0, 'max_rr': 10.0}]","{'atr_period': 14, 'rr': 1.5, 'sldist_atr_mult': 1.5}",57,100773.22992331407,773.2299233140657,0.773229923314056,-5.583309747197685,5.583309747197685,10.824561403508772,43.859649122807014,56.14035087719298,1265.1515803273035,42.10526315789473,13.565437251123939,0.0029475438596491266,-0.0023970175438596457,1.1396417787529571,-0.9462861898432476,0.6647202075092629,24,33,1.987565594341775,0.3882892058628462,0.17102486340927917,0.06954462916153491,True
26,26,"[{'min_rr': 1.0, 'atr_dist_for_liq_generation': 1.8, 'liq_move_away_atr': 3.5, 'max_rr': 10.0}]","{'atr_period': 14, 'rr': 1.5, 'sldist_atr_mult': 1.5}",54,98920.12685893253,-1079.8731410674663,-1.0798731410674667,-8.76799032137312,8.76799032137312,11.11111111111111,46.2962962962963,53.70370370370371,1160.5590964807068,40.74074074074074,-19.997650760508705,0.0029294444444444455,-0.0024581481481481416,1.1205107057859556,-0.9792384169686579,0.671862198278893,22,32,1.987565594341775,-0.5447799742725912,-0.09807576432281466,-0.06213282112602462,False
27,27,"[{'min_rr': 1.0, 'atr_dist_for_liq_generation': 1.8, 'liq_move_away_atr': 4.0, 'max_rr': 10.0}]","{'atr_period': 14, 'rr': 1.5, 'sldist_atr_mult': 1.5}",47,103766.24451164802,3766.244511648023,3.7662445116480203,-5.864512426169299,5.864512426169299,12.0,44.680851063829785,55.319148936170215,1016.3720616851504,44.680851063829785,80.13286194995855,0.0032223404255319215,-0.002467234042553183,1.260790464044764,-0.9574115023739338,0.6506026572123117,21,26,1.987565594341775,1.8774987505100427,0.6508494685915591,0.3201457536575509,True
28,28,"[{'min_rr': 1.0, 'atr_dist_for_liq_generation': 1.8, 'liq_move_away_atr': 4.5, 'max_rr': 10.0}]","{'atr_period': 14, 'rr': 1.5, 'sldist_atr_mult': 1.5}",48,92949.73624076825,-7050.263759231748,-7.050263759231745,-7.824924134463773,7.824924134463773,11.541666666666666,45.83333333333333,54.166666666666664,1000.1766328630508,35.41666666666667,-146.88049498399312,0.0029089583333333454,-0.0028283333333333307,1.0484352911467067,-1.0879645879635993,0.7112209168494382,17,31,1.987565594341775,-3.6116025968263465,-1.020377902603969,-0.46155113260709496,False
29,29,"[{'min_rr': 1.0, 'atr_dist_for_liq_generation': 1.8, 'liq_move_away_atr': 5.0, 'max_rr': 10.0}]","{'atr_period': 14, 'rr': 1.5, 'sldist_atr_mult': 1.5}",50,91055.15716709317,-8944.842832906827,-8.94484283290683,-8.984748609037286,8.984748609037286,11.88,46.0,54.0,1046.1006273422795,34.0,-178.89685665813636,0.0029090000000000014,-0.0028300000000000035,1.0491236550336072,-1.0783428527694014,0.7289012688790645,17,33,1.987565594341775,-4.6051396018839,-1.2805710167214845,-0.5125507459665407,False
30,30,"[{'min_rr': 1.0, 'atr_dist_for_liq_generation': 1.8, 'liq_move_away_atr': 5.5, 'max_rr': 10.0}]","{'atr_period': 14, 'rr': 1.5, 'sldist_atr_mult': 1.5}",44,99405.31933147593,-594.6806685240736,-0.5946806685240724,-4.606021291583673,4.606021291583673,11.340909090909092,47.72727272727273,52.27272727272727,911.9153057610404,40.909090909090914,-13.515469739184425,0.003064545454545456,-0.002853409090909092,1.0852611088673527,-1.0259752276552978,0.6712429036726605,18,26,1.987565594341775,-0.2996438801892043,-0.042524805050148794,-0.0650548187297195,False
31,31,"[{'min_rr': 1.0, 'atr_dist_for_liq_generation': 2.0, 'liq_move_away_atr': 1.0, 'max_rr': 10.0}]","{'atr_period': 14, 'rr': 1.5, 'sldist_atr_mult': 1.5}",57,105824.82868935195,5824.828689351954,5.824828689351946,-6.848300246137729,6.848300246137729,10.070175438596491,47.368421052631575,52.63157894736842,1368.8300098729242,45.614035087719294,102.18997700617435,0.002884035087719291,-0.0022608771929824687,1.2066397609485036,-0.9300417951370996,0.6463691865249452,26,31,1.987565594341775,2.889415056350275,0.8945523389627915,0.42191711118095815,True
32,32,"[{'min_rr': 1.0, 'atr_dist_for_liq_generation': 2.0, 'liq_move_away_atr': 1.5, 'max_rr': 10.0}]","{'atr_period': 14, 'rr': 1.5, 'sldist_atr_mult': 1.5}",55,105421.9171478261,5421.917147826098,5.421917147826094,-6.639416195546399,6.639416195546399,10.127272727272727,45.45454545454545,54.54545454545454,1299.42568120412,45.45454545454545,98.58031177865605,0.002899090909090903,-0.002306000000000012,1.1757218053072966,-0.9418427100798485,0.6406664781519741,25,30,1.987565594341775,2.6921352012799327,0.8503940519045494,0.4054776989407244,True
33,33,"[{'min_rr': 1.0, 'atr_dist_for_liq_generation': 2.0, 'liq_move_away_atr': 2.0, 'max_rr': 10.0}]","{'atr_period': 14, 'rr': 1.5, 'sldist_atr_mult': 1.5}",54,106484.37660248837,6484.376602488366,6.484376602488373,-6.639416195546399,6.639416195546399,8.833333333333334,48.148148148148145,51.85185185185185,1322.9939261549468,46.2962962962963,120.08104819422852,0.002878148148148142,-0.0022540740740740832,1.19592722267097,-0.9255358515092126,0.64064707498629,25,29,1.987565594341775,3.2115494701246083,1.0159311329305645,0.48370961776411275,True
34,34,"[{'min_rr': 1.0, 'atr_dist_for_liq_generation': 2.0, 'liq_move_away_atr': 2.5, 'max_rr': 10.0}]","{'atr_period': 14, 'rr': 1.5, 'sldist_atr_mult': 1.5}",54,103871.08755345886,3871.087553458856,3.871087553458863,-6.639416195546399,6.639416195546399,8.62962962962963,48.148148148148145,51.85185185185185,1306.7323769919926,44.44444444444444,71.68680654553447,0.0028566666666666636,-0.0022664814814814895,1.1763400329684448,-0.9290249971583994,0.65461612651174,24,30,1.987565594341775,1.9292750901286126,0.6277535114285676,0.2905790258219895,True
35,35,"[{'min_rr': 1.0, 'atr_dist_for_liq_generation': 2.0, 'liq_move_away_atr': 3.0, 'max_rr': 10.0}]","{'atr_period': 14, 'rr': 1.5, 'sldist_atr_mult': 1.5}",50,105647.3191228643,5647.319122864297,5.647319122864292,-5.584056076483401,5.584056076483401,9.52,42.0,57.99999999999999,1178.5963729733294,46.0,112.94638245728638,0.003017599999999998,-0.002309600000000014,1.2022555421168222,-0.9352491411374092,0.6337749823536185,23,27,1.987565594341775,2.802546118378335,0.9238682677904959,0.5018835914239705,True
36,36,"[{'min_rr': 1.0, 'atr_dist_for_liq_generation': 2.0, 'liq_move_away_atr': 3.5, 'max_rr': 10.0}]","{'atr_period': 14, 'rr': 1.5, 'sldist_atr_mult': 1.5}",47,103704.58719932416,3704.58719932416,3.704587199324161,-7.244874203823537,7.244874203823537,9.76595744680851,44.680851063829785,55.319148936170215,1070.0423849002452,44.680851063829785,78.82100424093967,0.003001276595744675,-0.0023742553191489473,1.1842717836034928,-0.9724046543002737,0.6399856309476071,21,26,1.987565594341775,1.847037381439831,0.6403684004544283,0.2549440237989285,True
37,37,"[{'min_rr': 1.0, 'atr_dist_for_liq_generation': 2.0, 'liq_move_away_atr': 4.0, 'max_rr': 10.0}]","{'atr_period': 14, 'rr': 1.5, 'sldist_atr_mult': 1.5}",40,108772.71128095246,8772.711280952455,8.77271128095245,-5.2839028216441815,5.2839028216441815,10.45,45.0,55.00000000000001,919.6057887417086,50.0,219.31778202381133,0.003312999999999999,-0.002350500000000011,1.3454505466259052,-0.9480013184103276,0.6091888396557675,20,20,1.987565594341775,4.321593727101658,1.5933495708043113,0.8178791081091299,True
38,38,"[{'min_rr': 1.0, 'atr_dist_for_liq_generation': 2.0, 'liq_move_away_atr': 4.5, 'max_rr': 10.0}]","{'atr_period': 14, 'rr': 1.5, 'sldist_atr_mult': 1.5}",42,98873.17003035286,-1126.8299696471367,-1.1268299696471362,-5.886838268788008,5.886838268788008,11.19047619047619,45.23809523809524,54.761904761904766,931.1926453464637,40.476190476190474,-26.82928499159792,0.0030092857142857195,-0.002732857142857156,1.1137547822518896,-1.0824574843357955,0.6691567165440817,17,25,1.987565594341775,-0.568535871125686,-0.13304544979977545,-0.0965774572303202,False
39,39,"[{'min_rr': 1.0, 'atr_dist_for_liq_generation': 2.0, 'liq_move_away_atr': 5.0, 'max_rr': 10.0}]","{'atr_period': 14, 'rr': 1.5, 'sldist_atr_mult': 1.5}",44,96858.5629748595,-3141.4370251405053,-3.1414370251405033,-8.088061670328905,8.088061670328905,11.704545454545455,45.45454545454545,54.54545454545454,981.6777963415761,38.63636363636363,-71.39629602592139,0.0030411363636363635,-0.002755227272727287,1.1234908924347329,-1.0762973310526698,0.6922388060875179,17,27,1.987565594341775,-1.5930776079157716,-0.4494909731337853,-0.19696655055932435,False
40,40,"[{'min_rr': 1.0, 'atr_dist_for_liq_generation': 2.0, 'liq_move_away_atr': 5.5, 'max_rr': 10.0}]","{'atr_period': 14, 'rr': 1.5, 'sldist_atr_mult': 1.5}",37,101655.81729346936,1655.8172934693575,1.6558172934693527,-4.594939153241217,4.594939153241217,11.08108108108108,43.24324324324324,56.75675675675676,781.1479599973325,43.24324324324324,44.75181874241494,0.003155135135135131,-0.002850540540540551,1.1127133864317782,-1.0425166710123543,0.6541077827951931,16,21,1.987565594341775,0.829689119285737,0.3436775947035712,0.1805658555240027,True
41,41,"[{'min_rr': 1.0, 'atr_dist_for_liq_generation': 2.2, 'liq_move_away_atr': 1.0, 'max_rr': 10.0}]","{'atr_period': 14, 'rr': 1.5, 'sldist_atr_mult': 1.5}",42,98854.14716629602,-1145.8528337039752,-1.1458528337039753,-9.542555691170495,9.542555691170495,8.928571428571429,42.857142857142854,57.14285714285714,914.2976620585928,40.476190476190474,-27.282210326285952,0.0026442857142857127,-0.0022747619047619144,1.0271759563795988,-0.9328264544180843,0.6643387990515581,17,25,1.987565594341775,-0.5781613106544126,-0.1364436754160113,-0.06058768000582609,False
42,42,"[{'min_rr': 1.0, 'atr_dist_for_liq_generation': 2.2, 'liq_move_away_atr': 1.5, 'max_rr': 10.0}]","{'atr_period': 14, 'rr': 1.5, 'sldist_atr_mult': 1.5}",41,99893.01825372461,-106.98174627538538,-0.10698174627538082,-8.59192664596673,8.59192664596673,8.829268292682928,41.46341463414634,58.536585365853654,893.8311929687144,41.46341463414634,-2.609310884765164,0.0026846341463414606,-0.0022839024390243997,1.0384367485807544,-0.9291082870178069,0.6557321015913417,17,24,1.987565594341775,-0.05383983074516152,0.033883380429809096,-0.006266328026722076,False
43,43,"[{'min_rr': 1.0, 'atr_dist_for_liq_generation': 2.2, 'liq_move_away_atr': 2.0, 'max_rr': 10.0}]","{'atr_period': 14, 'rr': 1.5, 'sldist_atr_mult': 1.5}",40,100899.75655416358,899.756554163585,0.8997565541635888,-7.043101239364214,7.043101239364214,7.05,45.0,55.00000000000001,910.9235269303788,42.5,22.49391385408986,0.002650999999999998,-0.0022132500000000056,1.06228193560355,-0.9067756673708971,0.6557057331866941,17,23,1.987565594341775,0.451685364601051,0.20417520242570394,0.06413160186830212,True
44,44,"[{'min_rr': 1.0, 'atr_dist_for_liq_generation': 2.2, 'liq_move_away_atr': 2.5, 'max_rr': 10.0}]","{'atr_period': 14, 'rr': 1.5, 'sldist_atr_mult': 1.5}",41,99850.97554005095,-149.0244599490543,-0.14902445994905422,-7.043101239364214,7.043101239364214,7.146341463414634,43.90243902439025,56.09756097560976,938.2907365643424,41.46341463414634,-3.63474292558659,0.0026253658536585355,-0.0022070731707317117,1.0583537693029814,-0.9115860954513201,0.6643130898570269,17,24,1.987565594341775,-0.07500616574260821,0.026802782831622893,-0.010649593580083066,False
45,45,"[{'min_rr': 1.0, 'atr_dist_for_liq_generation': 2.2, 'liq_move_away_atr': 3.0, 'max_rr': 10.0}]","{'atr_period': 14, 'rr': 1.5, 'sldist_atr_mult': 1.5}",37,104117.7369327712,4117.736932771193,4.117736932771199,-5.67388360066855,5.67388360066855,8.08108108108108,37.83783783783784,62.16216216216216,831.3355329577502,45.94594594594595,111.29018737219387,0.002942162162162167,-0.0021908108108108205,1.1393702329461566,-0.8943079085227528,0.6214830745659299,17,20,1.987565594341775,2.050979646625506,0.7882667328631693,0.3614772157793016,True
46,46,"[{'min_rr': 1.0, 'atr_dist_for_liq_generation': 2.2, 'liq_move_away_atr': 3.5, 'max_rr': 10.0}]","{'atr_period': 14, 'rr': 1.5, 'sldist_atr_mult': 1.5}",33,103245.97077062953,3245.9707706295303,3.245970770629536,-8.013810450744751,8.013810450744751,8.454545454545455,42.42424242424242,57.57575757575758,730.8323256456233,45.45454545454545,98.36275062513828,0.002986666666666666,-0.002238484848484858,1.1532329615561068,-0.9201881735905533,0.620783376373125,15,18,1.987565594341775,1.620178122641458,0.663216311209384,0.20217325236222541,True
47,47,"[{'min_rr': 1.0, 'atr_dist_for_liq_generation': 2.2, 'liq_move_away_atr': 4.0, 'max_rr': 10.0}]","{'atr_period': 14, 'rr': 1.5, 'sldist_atr_mult': 1.5}",32,104305.49076748615,4305.490767486146,4.305490767486142,-7.036388158924889,7.036388158924889,8.90625,40.625,59.375,721.7096562771142,46.875,134.54658648394098,0.003107187500000004,-0.0022343750000000037,1.2929694305188435,-0.9295595284217378,0.6290763894348587,15,17,1.987565594341775,2.1435272914043235,0.8832822843108961,0.30463459988140273,True
48,48,"[{'min_rr': 1.0, 'atr_dist_for_liq_generation': 2.2, 'liq_move_away_atr': 4.5, 'max_rr': 10.0}]","{'atr_period': 14, 'rr': 1.5, 'sldist_atr_mult': 1.5}",35,96205.79927118344,-3794.2007288165623,-3.794200728816566,-7.628167788188511,7.628167788188511,9.771428571428572,42.857142857142854,57.14285714285714,762.6384176266135,37.142857142857146,-108.4057351090441,0.002771714285714293,-0.0026545714285714363,1.0271572616294606,-1.0734902500994614,0.6848427013917715,13,22,1.987565594341775,-1.927312000881809,-0.6263754010769198,-0.25265726376208814,False
49,49,"[{'min_rr': 1.0, 'atr_dist_for_liq_generation': 2.2, 'liq_move_away_atr': 5.0, 'max_rr': 10.0}]","{'atr_period': 14, 'rr': 1.5, 'sldist_atr_mult': 1.5}",35,93844.1249136015,-6155.875086398504,-6.155875086398499,-6.586755609982175,6.586755609982175,10.485714285714286,40.0,60.0,766.4688869010077,34.285714285714285,-175.88214532567048,0.0027742857142857196,-0.002733142857142866,1.017456812949396,-1.0863015867715553,0.7208609408137928,12,23,1.987565594341775,-3.1460733707032507,-1.035914002418986,-0.477636268443815,False
50,50,"[{'min_rr': 1.0, 'atr_dist_for_liq_generation': 2.2, 'liq_move_away_atr': 5.5, 'max_rr': 10.0}]","{'atr_period': 14, 'rr': 1.5, 'sldist_atr_mult': 1.5}",31,97872.4883526588,-2127.5116473412054,-2.127511647341207,-4.302011719175414,4.302011719175414,10.0,38.70967741935484,61.29032258064516,647.6255978721209,38.70967741935484,-68.62940797874889,0.0028322580645161323,-0.0028067741935483954,0.9999540413146233,-1.0588703977326337,0.6831338300785826,12,19,1.987565594341775,-1.0761293132914185,-0.35952616015086786,-0.25014560246193035,False
51,51,"[{'min_rr': 1.0, 'atr_dist_for_liq_generation': 2.4, 'liq_move_away_atr': 1.0, 'max_rr': 10.0}]","{'atr_period': 14, 'rr': 1.5, 'sldist_atr_mult': 1.5}",33,98230.14247887218,-1769.857521127822,-1.7698575211278267,-9.521004121174526,9.521004121174526,9.636363636363637,42.42424242424242,57.57575757575758,705.1671485661922,39.39393939393939,-53.63204609478195,0.0025833333333333416,-0.0022384848484848516,0.972768156211629,-0.9367641802384953,0.6657080260371682,13,20,1.987565594341775,-0.8944152656566784,-0.2804821833436794,-0.09394127491947162,False
52,52,"[{'min_rr': 1.0, 'atr_dist_for_liq_generation': 2.4, 'liq_move_away_atr': 1.5, 'max_rr': 10.0}]","{'atr_period': 14, 'rr': 1.5, 'sldist_atr_mult': 1.5}",33,100721.1306547979,721.1306547979038,0.7211306547979079,-8.956556321073627,8.956556321073627,9.393939393939394,42.42424242424242,57.57575757575758,706.1831402305801,42.42424242424242,21.85244408478533,0.0026657575757575787,-0.0022006060606060644,1.0045960324162582,-0.9124557232829126,0.6363705150132811,14,19,1.987565594341775,0.3621733765344137,0.1815624395786536,0.04043667717270602,True
53,53,"[{'min_rr': 1.0, 'atr_dist_for_liq_generation': 2.4, 'liq_move_away_atr': 2.0, 'max_rr': 10.0}]","{'atr_period': 14, 'rr': 1.5, 'sldist_atr_mult': 1.5}",33,103230.34844811888,3230.348448118879,3.2303484481188693,-7.622194364225865,7.622194364225865,7.0606060606060606,45.45454545454545,54.54545454545454,745.9425845210501,45.45454545454545,97.88934691269331,0.0026966666666666706,-0.002063333333333333,1.0706000558786162,-0.8651062841362092,0.6274191354987957,15,18,1.987565594341775,1.6124415733786979,0.6602639679965755,0.21154558599903436,True
54,54,"[{'min_rr': 1.0, 'atr_dist_for_liq_generation': 2.4, 'liq_move_away_atr': 2.5, 'max_rr': 10.0}]","{'atr_period': 14, 'rr': 1.5, 'sldist_atr_mult': 1.5}",34,102157.34259329799,2157.342593297988,2.157342593297984,-7.622194364225865,7.622194364225865,7.176470588235294,44.11764705882353,55.88235294117647,774.4198591852142,44.11764705882353,63.451252744058564,0.0026644117647058874,-0.0020602941176470573,1.0656184988610167,-0.8721326645636218,0.6387094647261049,15,19,1.987565594341775,1.0796639284841758,0.448110538676391,0.14164738878235494,True
55,55,"[{'min_rr': 1.0, 'atr_dist_for_liq_generation': 2.4, 'liq_move_away_atr': 3.0, 'max_rr': 10.0}]","{'atr_period': 14, 'rr': 1.5, 'sldist_atr_mult': 1.5}",32,106952.39504332264,6952.395043322642,6.9523950433226345,-5.67388360066855,5.67388360066855,8.34375,40.625,59.375,733.0694098503234,50.0,217.26234510383273,0.0030046875000000056,-0.002006562500000003,1.177567939017167,-0.8309037363299989,0.5865651749965297,16,16,1.987565594341775,3.439536669626597,1.421845654255035,0.6062050108361967,True
56,56,"[{'min_rr': 1.0, 'atr_dist_for_liq_generation': 2.4, 'liq_move_away_atr': 3.5, 'max_rr': 10.0}]","{'atr_period': 14, 'rr': 1.5, 'sldist_atr_mult': 1.5}",29,107613.40810720481,7613.408107204814,7.613408107204811,-7.036388158924889,7.036388158924889,8.620689655172415,41.37931034482759,58.620689655172406,655.5782821912217,51.724137931034484,262.5313140415447,0.0030858620689655195,-0.0019513793103448323,1.187113641171621,-0.8148542916797771,0.5666095729978572,15,14,1.987565594341775,3.760695101575484,1.6488705936492483,0.5344638494403486,False
57,57,"[{'min_rr': 1.0, 'atr_dist_for_liq_generation': 2.4, 'liq_move_away_atr': 4.0, 'max_rr': 10.0}]","{'atr_period': 14, 'rr': 1.5, 'sldist_atr_mult': 1.5}",30,106473.65720935124,6473.657209351237,6.473657209351247,-7.036388158924889,7.036388158924889,9.033333333333333,40.0,60.0,694.0312677286278,50.0,215.7885736450414,0.0031580000000000015,-0.001989000000000004,1.3294926243866274,-0.8583003483815351,0.6034954507751936,15,15,1.987565594341775,3.206321874379703,1.3695203241283436,0.4556772312671287,True
58,58,"[{'min_rr': 1.0, 'atr_dist_for_liq_generation': 2.4, 'liq_move_away_atr': 4.5, 'max_rr': 10.0}]","{'atr_period': 14, 'rr': 1.5, 'sldist_atr_mult': 1.5}",32,104306.93148576785,4306.931485767855,4.306931485767862,-6.6466477536867625,6.6466477536867625,9.8125,40.625,59.375,720.3759833442389,46.875,134.5916089302462,0.003007812500000012,-0.002024687500000004,1.135775631077125,-0.891525028430778,0.6070808077991189,15,17,1.987565594341775,2.1442371302901497,0.8811406511923702,0.3226042976477555,True
59,59,"[{'min_rr': 1.0, 'atr_dist_for_liq_generation': 2.4, 'liq_move_away_atr': 5.0, 'max_rr': 10.0}]","{'atr_period': 14, 'rr': 1.5, 'sldist_atr_mult': 1.5}",31,102806.68176311815,2806.6817631181475,2.8066817631181573,-4.682059697695074,4.682059697695074,10.419354838709678,41.935483870967744,58.06451612903226,703.7855308544114,45.16129032258064,90.53812139090907,0.0030122580645161367,-0.002106129032258074,1.1184025426538304,-0.9045746222937902,0.63697831767892,14,17,1.987565594341775,1.4024093988737718,0.5936723163121559,0.29952830365750405,True
60,60,"[{'min_rr': 1.0, 'atr_dist_for_liq_generation': 2.4, 'liq_move_away_atr': 5.5, 'max_rr': 10.0}]","{'atr_period': 14, 'rr': 1.5, 'sldist_atr_mult': 1.5}",29,107680.50683662957,7680.5068366295745,7.680506836629575,-3.285148780441449,3.285148780441449,9.96551724137931,41.37931034482759,58.620689655172406,621.0629826372647,51.724137931034484,264.8450633320533,0.0031837931034482767,-0.00207137931034483,1.1473193658953047,-0.8356351635207255,0.5838922246392702,15,14,1.987565594341775,3.7932406845116784,1.6651246407826858,1.1546632856007066,False
61,61,"[{'min_rr': 1.0, 'atr_dist_for_liq_generation': 2.6, 'liq_move_away_atr': 1.0, 'max_rr': 10.0}]","{'atr_period': 14, 'rr': 1.5, 'sldist_atr_mult': 1.5}",24,100057.99630279643,57.99630279642588,0.05799630279643697,-7.034010290310421,7.034010290310421,8.333333333333334,45.83333333333333,54.166666666666664,525.5630147454314,41.66666666666667,2.41651261651891,0.0025258333333333383,-0.0020366666666666775,0.89728948611687,-0.8856027432200806,0.6341278677559746,10,14,1.987565594341775,0.029175363599565074,0.05237212417381436,0.004147756741236942,False
62,62,"[{'min_rr': 1.0, 'atr_dist_for_liq_generation': 2.6, 'liq_move_away_atr': 1.5, 'max_rr': 10.0}]","{'atr_period': 14, 'rr': 1.5, 'sldist_atr_mult': 1.5}",25,101528.36170965698,1528.3617096569797,1.528361709656978,-7.034010290310421,7.034010290310421,8.2,48.0,52.0,547.7935862814193,44.0,61.134468386280425,0.0025732,-0.001981200000000012,0.9260300423075943,-0.8615023230230869,0.6114782548602885,11,14,1.987565594341775,0.7660639531779756,0.3722119854646493,0.10890856304734921,False
63,63,"[{'min_rr': 1.0, 'atr_dist_for_liq_generation': 2.6, 'liq_move_away_atr': 2.0, 'max_rr': 10.0}]","{'atr_period': 14, 'rr': 1.5, 'sldist_atr_mult': 1.5}",25,101514.30850460859,1514.3085046085907,1.5143085046085858,-5.671470881247831,5.671470881247831,5.12,52.0,48.0,563.8181561807065,44.0,60.57234018434392,0.0025176,-0.0019324000000000118,0.9450453356145192,-0.8538369045058073,0.6198869385966365,11,14,1.987565594341775,0.7590462375726137,0.36915476891889276,0.13383586964755942,False
64,64,"[{'min_rr': 1.0, 'atr_dist_for_liq_generation': 2.6, 'liq_move_away_atr': 2.5, 'max_rr': 10.0}]","{'atr_period': 14, 'rr': 1.5, 'sldist_atr_mult': 1.5}",26,100459.1396612303,459.13966123030696,0.45913966123030114,-5.671470881247831,5.671470881247831,5.346153846153846,50.0,50.0,591.7149592988926,42.30769230769231,17.659217739627454,0.002482307692307694,-0.0019334615384615484,0.9433600195247392,-0.8634586858197472,0.635091461052771,11,15,1.987565594341775,0.2307431427443607,0.13802959403743995,0.040684885380843715,False
65,65,"[{'min_rr': 1.0, 'atr_dist_for_liq_generation': 2.6, 'liq_move_away_atr': 3.0, 'max_rr': 10.0}]","{'atr_period': 14, 'rr': 1.5, 'sldist_atr_mult': 1.5}",24,102577.89125694789,2577.8912569478853,2.577891256947895,-3.6820180323979046,3.6820180323979046,5.708333333333333,45.83333333333333,54.166666666666664,547.3334416177215,45.83333333333333,107.41213570616203,0.0026795833333333277,-0.0018875000000000142,1.0170741446212386,-0.8275090890392162,0.6033602837530119,11,13,1.987565594341775,1.2888079750605685,0.6174068547343718,0.3500276108700195,False
66,66,"[{'min_rr': 1.0, 'atr_dist_for_liq_generation': 2.6, 'liq_move_away_atr': 3.5, 'max_rr': 10.0}]","{'atr_period': 14, 'rr': 1.5, 'sldist_atr_mult': 1.5}",22,102158.05308632451,2158.0530863245076,2.1580530863245073,-5.07329432450484,5.07329432450484,5.5,45.45454545454545,54.54545454545454,488.36746584992625,45.45454545454545,98.09332210566134,0.0026513636363636258,-0.0019331818181818365,0.970822964570073,-0.8344786131614197,0.5980397212079455,10,12,1.987565594341775,1.080017625830254,0.5426416702634409,0.21288290344472874,False
67,67,"[{'min_rr': 1.0, 'atr_dist_for_liq_generation': 2.6, 'liq_move_away_atr': 4.0, 'max_rr': 10.0}]","{'atr_period': 14, 'rr': 1.5, 'sldist_atr_mult': 1.5}",24,102542.23225694358,2542.2322569435782,2.5422322569435885,-5.07329432450484,5.07329432450484,5.958333333333333,41.66666666666667,58.333333333333336,563.2247361831194,45.83333333333333,105.92634403931645,0.002749583333333324,-0.0019012500000000117,1.1883057833228376,-0.8537873413059368,0.6236196580341248,11,13,1.987565594341775,1.271090864512181,0.6094073628704109,0.25054546084042567,False
68,68,"[{'min_rr': 1.0, 'atr_dist_for_liq_generation': 2.6, 'liq_move_away_atr': 4.5, 'max_rr': 10.0}]","{'atr_period': 14, 'rr': 1.5, 'sldist_atr_mult': 1.5}",26,100455.5105437228,455.51054372280487,0.45551054372281463,-4.6753238497653555,4.6753238497653555,7.153846153846154,42.30769230769231,57.692307692307686,590.6421407203578,42.30769230769231,17.519636297031518,0.0025961538461538505,-0.0019519230769230883,0.9607453947160491,-0.8950264096031277,0.6264555641630775,11,15,1.987565594341775,0.228921366839141,0.13717093754594514,0.04896374544206816,False
69,69,"[{'min_rr': 1.0, 'atr_dist_for_liq_generation': 2.6, 'liq_move_away_atr': 5.0, 'max_rr': 10.0}]","{'atr_period': 14, 'rr': 1.5, 'sldist_atr_mult': 1.5}",25,99010.655923947,-989.3440760530066,-0.9893440760530114,-4.056333604350715,4.056333604350715,7.8,44.0,56.00000000000001,571.9658243250365,40.0,-39.573763042121016,0.0025851999999999984,-0.0020500000000000184,0.9322015556167207,-0.911347961240157,0.6635284764140309,10,15,1.987565594341775,-0.4989962861659092,-0.16920196181389874,-0.12301657970900104,False
70,70,"[{'min_rr': 1.0, 'atr_dist_for_liq_generation': 2.6, 'liq_move_away_atr': 5.5, 'max_rr': 10.0}]","{'atr_period': 14, 'rr': 1.5, 'sldist_atr_mult': 1.5}",25,101568.37540651359,1568.3754065135872,1.568375406513578,-3.39685738090566,3.39685738090566,7.56,48.0,52.0,533.6604973307587,44.0,62.735016260543546,0.002763199999999992,-0.0020464000000000038,0.9776023608050355,-0.8493217945138787,0.6309903430737237,11,14,1.987565594341775,0.7860428547557419,0.38150462491850634,0.2314029606230243,False
71,71,"[{'min_rr': 1.0, 'atr_dist_for_liq_generation': 2.8, 'liq_move_away_atr': 1.0, 'max_rr': 10.0}]","{'atr_period': 14, 'rr': 1.5, 'sldist_atr_mult': 1.5}",19,95349.13772314011,-4650.862276859887,-4.650862276859891,-7.034010290310421,7.034010290310421,6.947368421052632,47.368421052631575,52.63157894736842,430.6747617783917,31.57894736842105,-244.78222509788904,0.002197894736842106,-0.0020557894736842157,0.7602968278406649,-0.9525637473802163,0.7324732519174604,6,13,1.987565594341775,-2.3676626024102365,-1.0438985028673429,-0.3366020953469131,False
72,72,"[{'min_rr': 1.0, 'atr_dist_for_liq_generation': 2.8, 'liq_move_away_atr': 1.5, 'max_rr': 10.0}]","{'atr_period': 14, 'rr': 1.5, 'sldist_atr_mult': 1.5}",20,96750.30583426057,-3249.6941657394345,-3.2496941657394363,-7.034010290310421,7.034010290310421,6.85,50.0,50.0,451.7902643255866,35.0,-162.48470828697117,0.002273499999999995,-0.001985500000000007,0.8030721559928807,-0.9190901719259674,0.6986871417249365,7,13,1.987565594341775,-1.6484308868568442,-0.7124263761757292,-0.2343515034556619,False
73,73,"[{'min_rr': 1.0, 'atr_dist_for_liq_generation': 2.8, 'liq_move_away_atr': 2.0, 'max_rr': 10.0}]","{'atr_period': 14, 'rr': 1.5, 'sldist_atr_mult': 1.5}",20,96736.91399119828,-3263.0860088017216,-3.263086008801719,-5.671470881247831,5.671470881247831,3.0,55.00000000000001,45.0,467.3023230191309,35.0,-163.15430044008502,0.002203999999999995,-0.0019245000000000067,0.8268412726265367,-0.9095083987793678,0.7093086369708496,7,13,1.987565594341775,-1.6552804482498407,-0.715594780720708,-0.2918608739970551,False
74,74,"[{'min_rr': 1.0, 'atr_dist_for_liq_generation': 2.8, 'liq_move_away_atr': 2.5, 'max_rr': 10.0}]","{'atr_period': 14, 'rr': 1.5, 'sldist_atr_mult': 1.5}",21,95731.40275685398,-4268.597243146025,-4.268597243146022,-5.671470881247831,5.671470881247831,3.380952380952381,52.38095238095239,47.61904761904761,494.5466761850283,33.33333333333333,-203.26653538790492,0.0021752380952380925,-0.0019261904761904809,0.8303834557052845,-0.9187700568693143,0.723843205122307,7,14,1.987565594341775,-2.170924667198726,-0.9152490376814323,-0.38277983130913673,False
75,75,"[{'min_rr': 1.0, 'atr_dist_for_liq_generation': 2.8, 'liq_move_away_atr': 3.0, 'max_rr': 10.0}]","{'atr_period': 14, 'rr': 1.5, 'sldist_atr_mult': 1.5}",19,97750.44316507723,-2249.5568349227688,-2.2495568349227724,-3.6820180323979046,3.6820180323979046,3.6315789473684212,47.368421052631575,52.63157894736842,448.1158133114248,36.84210526315789,-118.39772815382946,0.0023921052631578825,-0.001867368421052641,0.9116037648988148,-0.8791822894675455,0.6931591168025636,7,12,1.987565594341775,-1.1382125377452423,-0.5014415034147022,-0.3091273664958084,False
76,76,"[{'min_rr': 1.0, 'atr_dist_for_liq_generation': 2.8, 'liq_move_away_atr': 3.5, 'max_rr': 10.0}]","{'atr_period': 14, 'rr': 1.5, 'sldist_atr_mult': 1.5}",17,97350.36312118894,-2649.636878811056,-2.649636878811057,-5.07329432450484,5.07329432450484,3.1176470588235294,47.05882352941176,52.94117647058824,391.2395855241351,35.294117647058826,-155.86099287123739,0.0023217647058823335,-0.0019241176470588376,0.8393410166299626,-0.8942808736760829,0.6974007325933577,6,11,1.987565594341775,-1.3419999802320448,-0.6284838557265585,-0.264522397951557,False
77,77,"[{'min_rr': 1.0, 'atr_dist_for_liq_generation': 2.8, 'liq_move_away_atr': 4.0, 'max_rr': 10.0}]","{'atr_period': 14, 'rr': 1.5, 'sldist_atr_mult': 1.5}",19,97716.4623236841,-2283.5376763159,-2.2835376763159054,-5.07329432450484,5.07329432450484,3.9473684210526314,42.10526315789473,57.89473684210527,464.1909773157926,36.84210526315789,-120.18619349030934,0.0024805263157894565,-0.0018847368421052696,1.1278963611534663,-0.9123758712781397,0.7190460950506521,7,12,1.987565594341775,-1.1555051217186918,-0.509687002939343,-0.227762287738248,False
78,78,"[{'min_rr': 1.0, 'atr_dist_for_liq_generation': 2.8, 'liq_move_away_atr': 4.5, 'max_rr': 10.0}]","{'atr_period': 14, 'rr': 1.5, 'sldist_atr_mult': 1.5}",21,95727.94443030516,-4272.055569694843,-4.272055569694844,-6.060766000898754,6.060766000898754,5.619047619047619,42.857142857142854,57.14285714285714,493.2806007656815,33.33333333333333,-203.43121760451527,0.002316190476190477,-0.0019490476190476254,0.851908205942144,-0.9578539053630235,0.7130483340101903,7,14,1.987565594341775,-2.172702790823111,-0.914345093720041,-0.35848649997391746,False
79,79,"[{'min_rr': 1.0, 'atr_dist_for_liq_generation': 2.8, 'liq_move_away_atr': 5.0, 'max_rr': 10.0}]","{'atr_period': 14, 'rr': 1.5, 'sldist_atr_mult': 1.5}",20,94351.08653566962,-5648.913464330384,-5.648913464330385,-6.249733315124006,6.249733315124006,6.35,45.0,55.00000000000001,472.53128761705085,30.0,-282.4456732165196,0.0022884999999999932,-0.002071500000000015,0.8107865476292886,-0.9813972196973048,0.759389474323882,6,14,1.987565594341775,-2.8831785259026077,-1.2315907281279068,-0.4613282488271102,False
80,80,"[{'min_rr': 1.0, 'atr_dist_for_liq_generation': 2.8, 'liq_move_away_atr': 5.5, 'max_rr': 10.0}]","{'atr_period': 14, 'rr': 1.5, 'sldist_atr_mult': 1.5}",21,98209.41658536659,-1790.5834146334091,-1.7905834146334065,-4.2194971018646115,4.2194971018646115,6.238095238095238,52.38095238095239,47.61904761904761,458.9467857784503,38.095238095238095,-85.2658768873061,0.0025699999999999825,-0.00205809523809524,0.9075270550221104,-0.9015821516732749,0.6911633995745325,8,13,1.987565594341775,-0.9049365295357048,-0.37319451306842,-0.21446549379920418,False
81,81,"[{'min_rr': 1.0, 'atr_dist_for_liq_generation': 3.0, 'liq_move_away_atr': 1.0, 'max_rr': 10.0}]","{'atr_period': 14, 'rr': 1.5, 'sldist_atr_mult': 1.5}",18,96345.93714344485,-3654.062856555145,-3.6540628565551403,-6.062124787583045,6.062124787583045,7.333333333333333,44.44444444444444,55.55555555555556,410.20120789110683,33.33333333333333,-203.00349203084048,0.0023122222222222216,-0.002017777777777785,0.798690593856922,-0.9302328570118229,0.7167363843831934,6,12,1.987565594341775,-1.8554624930895325,-0.8435602155150141,-0.30607461213765297,False
82,82,"[{'min_rr': 1.0, 'atr_dist_for_liq_generation': 3.0, 'liq_move_away_atr': 1.5, 'max_rr': 10.0}]","{'atr_period': 14, 'rr': 1.5, 'sldist_atr_mult': 1.5}",18,96345.93714344485,-3654.062856555145,-3.6540628565551403,-6.062124787583045,6.062124787583045,7.333333333333333,44.44444444444444,55.55555555555556,410.20120789110683,33.33333333333333,-203.00349203084048,0.0023122222222222216,-0.002017777777777785,0.798690593856922,-0.9302328570118229,0.7167363843831934,6,12,1.987565594341775,-1.8554624930895325,-0.8435602155150141,-0.30607461213765297,False
83,83,"[{'min_rr': 1.0, 'atr_dist_for_liq_generation': 3.0, 'liq_move_away_atr': 2.0, 'max_rr': 10.0}]","{'atr_period': 14, 'rr': 1.5, 'sldist_atr_mult': 1.5}",18,96332.60127169966,-3667.398728300337,-3.6673987283003417,-5.080149163709313,5.080149163709313,3.0555555555555554,50.0,50.0,425.7739253804048,33.33333333333333,-203.74437379446175,0.002234999999999999,-0.0019500000000000073,0.8251007234498732,-0.9195864424044898,0.7286074673050964,6,12,1.987565594341775,-1.8622976360476384,-0.8468577493135236,-0.3665832588836557,False
84,84,"[{'min_rr': 1.0, 'atr_dist_for_liq_generation': 3.0, 'liq_move_away_atr': 2.5, 'max_rr': 10.0}]","{'atr_period': 14, 'rr': 1.5, 'sldist_atr_mult': 1.5}",19,95331.29257974452,-4668.7074202554795,-4.66870742025548,-5.080149163709313,5.080149163709313,3.473684210526316,47.368421052631575,52.63157894736842,452.90441055046676,31.57894736842105,-245.72144317133987,0.002201578947368423,-0.0019505263157894785,0.8291073757567347,-0.9292925885236347,0.743684830232591,6,13,1.987565594341775,-2.376856415772144,-1.0477791262562428,-0.46787138313802235,False
85,85,"[{'min_rr': 1.0, 'atr_dist_for_liq_generation': 3.0, 'liq_move_away_atr': 3.0, 'max_rr': 10.0}]","{'atr_period': 14, 'rr': 1.5, 'sldist_atr_mult': 1.5}",17,97341.89439214593,-2658.1056078540714,-2.6581056078540666,-4.052247761604577,4.052247761604577,3.764705882352941,41.17647058823529,58.82352941176471,405.52760451092115,35.294117647058826,-156.35915340318127,0.0024470588235294033,-0.0018876470588235397,0.919732888390851,-0.8862853816221664,0.7116454340116648,6,11,1.987565594341775,-1.346318161660598,-0.6303519619270859,-0.3322398433820082,False
86,86,"[{'min_rr': 1.0, 'atr_dist_for_liq_generation': 3.0, 'liq_move_away_atr': 3.5, 'max_rr': 10.0}]","{'atr_period': 14, 'rr': 1.5, 'sldist_atr_mult': 1.5}",15,96943.48648605785,-3056.5135139421473,-3.0565135139421495,-4.080911095371431,4.080911095371431,3.2,40.0,60.0,348.78006669119117,33.33333333333333,-203.7675675961423,0.002374666666666651,-0.0019546666666666822,0.8389189901517565,-0.9043441893457913,0.7191338973738726,5,10,1.987565594341775,-1.5496766283625951,-0.7710298147209799,-0.37973790463610885,False
87,87,"[{'min_rr': 1.0, 'atr_dist_for_liq_generation': 3.0, 'liq_move_away_atr': 4.0, 'max_rr': 10.0}]","{'atr_period': 14, 'rr': 1.5, 'sldist_atr_mult': 1.5}",17,97308.05557395602,-2691.9444260439777,-2.6919444260439795,-4.080911095371431,4.080911095371431,4.117647058823529,35.294117647058826,64.70588235294117,422.0252654961878,35.294117647058826,-158.3496721202341,0.0025458823529411626,-0.0019070588235294186,1.1614716724401675,-0.9233840907045953,0.7407682845407645,6,11,1.987565594341775,-1.3635743444716741,-0.6389531596492771,-0.3341347832885259,False
88,88,"[{'min_rr': 1.0, 'atr_dist_for_liq_generation': 3.0, 'liq_move_away_atr': 4.5, 'max_rr': 10.0}]","{'atr_period': 14, 'rr': 1.5, 'sldist_atr_mult': 1.5}",19,95327.84870729966,-4672.151292700335,-4.672151292700333,-6.050502790512069,6.050502790512069,5.947368421052632,36.84210526315789,63.1578947368421,452.22987117790996,31.57894736842105,-245.90269961580606,0.002357368421052637,-0.001975789473684217,0.8528978891764216,-0.9724905263324715,0.7316905289969056,6,13,1.987565594341775,-2.378630796418213,-1.0465365829457278,-0.39312944374609626,False
89,89,"[{'min_rr': 1.0, 'atr_dist_for_liq_generation': 3.0, 'liq_move_away_atr': 5.0, 'max_rr': 10.0}]","{'atr_period': 14, 'rr': 1.5, 'sldist_atr_mult': 1.5}",18,93956.74540144282,-6043.254598557178,-6.04325459855718,-7.607453923396978,7.607453923396978,6.777777777777778,38.88888888888889,61.111111111111114,431.04434730385503,27.77777777777778,-335.7363665865083,0.0023288888888888864,-0.00211333333333335,0.8072621401195974,-0.9994629100910866,0.7831806849010075,5,13,1.987565594341775,-3.08761096885497,-1.375790642283016,-0.4058665356301298,False
90,90,"[{'min_rr': 1.0, 'atr_dist_for_liq_generation': 3.0, 'liq_move_away_atr': 5.5, 'max_rr': 10.0}]","{'atr_period': 14, 'rr': 1.5, 'sldist_atr_mult': 1.5}",19,97798.94952928895,-2201.050470711052,-2.2010504707110523,-5.606620224326364,5.606620224326364,6.631578947368421,47.368421052631575,52.63157894736842,416.5945291163192,36.84210526315789,-115.84476161637122,0.0026378947368420904,-0.0020963157894736857,0.9143713539490159,-0.9102954301490651,0.7065207490950356,7,12,1.987565594341775,-1.1135332031324552,-0.49080414536154476,-0.198610420998552,False
91,91,"[{'min_rr': 1.0, 'atr_dist_for_liq_generation': 3.2, 'liq_move_away_atr': 1.0, 'max_rr': 10.0}]","{'atr_period': 14, 'rr': 1.5, 'sldist_atr_mult': 1.5}",15,92241.83269053495,-7758.167309465047,-7.758167309465048,-8.162927793214259,8.162927793214259,7.933333333333334,53.333333333333336,46.666666666666664,326.34002637014635,20.0,-517.2111539643331,0.002097333333333336,-0.0023693333333333418,0.5993876665719426,-1.0879203327457743,0.83355402291192,3,12,1.987565594341775,-3.981646535377681,-1.8729512484706423,-0.4877718676732109,False
92,92,"[{'min_rr': 1.0, 'atr_dist_for_liq_generation': 3.2, 'liq_move_away_atr': 1.5, 'max_rr': 10.0}]","{'atr_period': 14, 'rr': 1.5, 'sldist_atr_mult': 1.5}",15,92241.83269053495,-7758.167309465047,-7.758167309465048,-8.162927793214259,8.162927793214259,7.933333333333334,53.333333333333336,46.666666666666664,326.34002637014635,20.0,-517.2111539643331,0.002097333333333336,-0.0023693333333333418,0.5993876665719426,-1.0879203327457743,0.83355402291192,3,12,1.987565594341775,-3.981646535377681,-1.8729512484706423,-0.4877718676732109,False
93,93,"[{'min_rr': 1.0, 'atr_dist_for_liq_generation': 3.2, 'liq_move_away_atr': 2.0, 'max_rr': 10.0}]","{'atr_period': 14, 'rr': 1.5, 'sldist_atr_mult': 1.5}",15,92229.06489474856,-7770.935105251439,-7.770935105251442,-8.152962149266706,8.152962149266706,2.8,60.0,40.0,341.2958745665594,20.0,-518.0623403500964,0.0020046666666666694,-0.0022880000000000083,0.6310798220834841,-1.0751446352169751,0.8479689093170879,3,12,1.987565594341775,-3.9883336031371286,-1.8762487822691516,-0.4891882888841631,False
94,94,"[{'min_rr': 1.0, 'atr_dist_for_liq_generation': 3.2, 'liq_move_away_atr': 2.5, 'max_rr': 10.0}]","{'atr_period': 14, 'rr': 1.5, 'sldist_atr_mult': 1.5}",16,91270.40953705153,-8729.590462948472,-8.729590462948467,-9.107646608278507,9.107646608278507,3.3125,56.25,43.75,367.27066653047945,18.75,-545.59940393428,0.0019793750000000054,-0.0022675000000000056,0.6479640280332815,-1.0769482966826793,0.8581043153626153,3,13,1.987565594341775,-4.491745082216481,-2.036505123485669,-0.4931839448111276,False
95,95,"[{'min_rr': 1.0, 'atr_dist_for_liq_generation': 3.2, 'liq_move_away_atr': 3.0, 'max_rr': 10.0}]","{'atr_period': 14, 'rr': 1.5, 'sldist_atr_mult': 1.5}",14,93195.36456354827,-6804.635436451732,-6.804635436451734,-7.19066504307051,7.19066504307051,3.642857142857143,50.0,50.0,318.0877865746982,21.428571428571427,-486.0453883179806,0.0022457142857142793,-0.0022364285714285836,0.7321316722713578,-1.045818932325045,0.836274210033787,3,11,1.987565594341775,-3.483532207046247,-1.7056385549628013,-0.48445202024856554,False
96,96,"[{'min_rr': 1.0, 'atr_dist_for_liq_generation': 3.2, 'liq_move_away_atr': 3.5, 'max_rr': 10.0}]","{'atr_period': 14, 'rr': 1.5, 'sldist_atr_mult': 1.5}",12,92813.92787295648,-7186.072127043517,-7.186072127043519,-7.186072127043519,7.186072127043519,2.9166666666666665,50.0,50.0,263.76630531312645,16.666666666666664,-598.8393439202935,0.0021216666666666515,-0.0023783333333333525,0.599847430119241,-1.094981367096723,0.8684647590442555,2,10,1.987565594341775,-3.6824851557464178,-1.8992297297870406,-0.5124475639324622,False
97,97,"[{'min_rr': 1.0, 'atr_dist_for_liq_generation': 3.2, 'liq_move_away_atr': 4.0, 'max_rr': 10.0}]","{'atr_period': 14, 'rr': 1.5, 'sldist_atr_mult': 1.5}",15,92191.34641376015,-7808.653586239845,-7.808653586239844,-9.109438942851455,9.109438942851455,4.066666666666666,40.0,60.0,362.6753200314561,20.0,-520.5769057493226,0.00230999999999999,-0.00223400000000001,1.019842793309249,-1.0945919904561638,0.8812521670646304,3,12,1.987565594341775,-4.008091151693993,-1.8849160416318187,-0.43999319572137907,False
98,98,"[{'min_rr': 1.0, 'atr_dist_for_liq_generation': 3.2, 'liq_move_away_atr': 4.5, 'max_rr': 10.0}]","{'atr_period': 14, 'rr': 1.5, 'sldist_atr_mult': 1.5}",16,91249.00251930408,-8750.997480695922,-8.750997480695922,-10.070372679044205,10.070372679044205,2.75,43.75,56.25,375.95390755994896,18.75,-546.9373425434944,0.0019900000000000057,-0.00225062500000002,0.6703723119565301,-1.1164352580261194,0.8417526362141985,3,13,1.987565594341775,-4.503016301983909,-2.037976347581102,-0.44715488150248844,False
99,99,"[{'min_rr': 1.0, 'atr_dist_for_liq_generation': 3.2, 'liq_move_away_atr': 5.0, 'max_rr': 10.0}]","{'atr_period': 14, 'rr': 1.5, 'sldist_atr_mult': 1.5}",15,89936.56538045175,-10063.43461954825,-10.06343461954825,-10.06343461954825,10.06343461954825,3.533333333333333,46.666666666666664,53.333333333333336,351.9942076279629,13.333333333333334,-670.8956413032164,0.0019313333333333294,-0.0024340000000000325,0.6034410412736816,-1.1583984339827007,0.9035408232991207,2,13,1.987565594341775,-5.196568016344871,-2.367783772736469,-0.5163811574082792,False
100,100,"[{'min_rr': 1.0, 'atr_dist_for_liq_generation': 3.2, 'liq_move_away_atr': 5.5, 'max_rr': 10.0}]","{'atr_period': 14, 'rr': 1.5, 'sldist_atr_mult': 1.5}",16,93614.37096293167,-6385.629037068327,-6.38562903706833,-7.745358715368134,7.745358715368134,3.5625,56.25,43.75,340.36889646493154,25.0,-399.10181481676966,0.0023231249999999815,-0.002393750000000014,0.7433720513739857,-1.0425785813083241,0.8049846408796469,4,12,1.987565594341775,-3.2654491050880807,-1.5272833906055174,-0.4216007579621669,False
