entry_time,exit_time,side,entry,sl,tp,units,exit,exit_reason,pnl,equity_after,r_multiple
2010-01-18 15:00:00+00:00,2010-01-18 17:00:00+00:00,short,1.43844,1.43974,1.4351899999999997,769230.7692307226,1.43974,SL,-1015.3846153847153,98984.61538461529,-1.0153846153847153
2010-03-03 10:00:00+00:00,2010-03-03 10:00:00+00:00,long,1.36327,1.3617700000000001,1.3670199999999997,659897.4358975079,1.3617700000000001,SL,-1003.0441025641895,97981.5712820511,-1.0133333333334222
2010-03-19 18:00:00+00:00,2010-03-21 21:00:00+00:00,short,1.35417,1.35492,1.3522950000000007,1306420.9504276852,1.3522950000000007,TP,2423.4108630424075,100404.9821450935,2.4733333333330036
2010-04-01 11:00:00+00:00,2010-04-01 11:00:00+00:00,long,1.34954,1.34805,1.353265,673858.9405711013,1.34805,SL,-1017.5270002624453,99387.45514483105,-1.0134228187920342
2010-04-07 09:00:00+00:00,2010-04-07 10:00:00+00:00,short,1.33866,1.3401999999999998,1.3348100000000003,645373.0853560983,1.3348100000000003,TP,2471.77891691357,101859.23406174462,2.487012987012901
2010-04-12 17:00:00+00:00,2010-04-13 06:00:00+00:00,long,1.35758,1.3561800000000002,1.3610799999999996,727565.9575839703,1.3610799999999996,TP,2531.929532391841,104391.16359413645,2.4857142857141907
2010-04-20 07:00:00+00:00,2010-04-20 07:00:00+00:00,short,1.34634,1.34743,1.3436150000000007,957717.0971940764,1.34743,SL,-1063.0659778853715,103328.09761625108,-1.0183486238533344
2010-05-25 00:00:00+00:00,2010-05-25 00:00:00+00:00,long,1.23378,1.2329700000000001,1.235805,1275655.5261265922,1.2329700000000001,SL,-1058.7940866852098,102269.30352956586,-1.0246913580248538
2010-05-25 08:00:00+00:00,2010-05-25 18:00:00+00:00,short,1.22355,1.2295099999999999,1.20865,171592.79115699072,1.2295099999999999,SL,-1026.124891118821,101243.17863844705,-1.0033557046980086
2010-06-14 12:00:00+00:00,2010-06-14 21:00:00+00:00,long,1.22419,1.22068,1.2329649999999996,288442.1043830481,1.22068,SL,-1018.2006284721692,100224.97800997488,-1.0056980056980431
2010-06-29 09:00:00+00:00,2010-06-30 06:00:00+00:00,short,1.21919,1.22278,1.210215,279178.21172695095,1.22278,SL,-1007.8333443343245,99217.14466564055,-1.005571030640705
2010-07-02 08:00:00+00:00,2010-07-02 12:00:00+00:00,long,1.24966,1.24788,1.2541099999999998,557399.6891328456,1.2541099999999998,TP,2469.2806228583454,101686.4252884989,2.488764044943808
2010-08-11 19:00:00+00:00,2010-08-11 19:00:00+00:00,short,1.28769,1.2889899999999999,1.2844400000000005,782203.2714500776,1.2889899999999999,SL,-1032.508318314093,100653.9169701848,-1.015384615384718
2010-09-02 03:00:00+00:00,2010-09-02 06:00:00+00:00,long,1.27872,1.27763,1.2814450000000002,923430.4309190966,1.2814450000000002,TP,2497.879315636117,103151.79628582092,2.4816513761466696
2010-09-09 01:00:00+00:00,2010-09-09 01:00:00+00:00,short,1.27205,1.2735299999999998,1.26835,696971.5965258521,1.2735299999999998,SL,-1045.4573947888177,102106.33889103211,-1.0135135135136029
2010-09-14 07:00:00+00:00,2010-09-14 09:00:00+00:00,long,1.28645,1.28443,1.2915000000000005,505476.92520309606,1.28443,SL,-1031.1729274144493,101075.16596361766,-1.009900990099074
2010-10-18 13:00:00+00:00,2010-10-18 13:00:00+00:00,short,1.39175,1.393,1.3886250000000002,808601.3277089585,1.393,SL,-1026.9236861904617,100048.2422774272,-1.016000000000105
2010-10-24 21:00:00+00:00,2010-10-24 21:00:00+00:00,long,1.3967,1.3947500000000002,1.4015749999999998,513067.9091150386,1.3947500000000002,SL,-1010.74378095664,99037.49849647057,-1.010256410256478
2010-10-27 14:00:00+00:00,2010-10-27 17:00:00+00:00,short,1.38119,1.38364,1.3750649999999998,404234.68774068577,1.3750649999999998,TP,2467.8527686568978,101505.35126512747,2.4918367346938246
2010-10-31 03:00:00+00:00,2010-10-31 21:00:00+00:00,long,1.39451,1.39391,1.3960099999999998,1691755.8544189774,1.3960099999999998,TP,2503.7986645395854,104009.14992966705,2.4666666666664447
2010-11-08 13:00:00+00:00,2010-11-08 13:00:00+00:00,short,1.3916,1.3935199999999999,1.3868,541714.3225503713,1.3935199999999999,SL,-1050.925785747749,102958.2241439193,-1.0104166666667354
2010-11-20 15:00:00+00:00,2010-11-21 17:00:00+00:00,long,1.36714,1.36654,1.3686399999999999,1715970.402398844,1.3686399999999999,TP,2539.636195549781,105497.86033946909,2.4666666666664447
2010-11-23 21:00:00+00:00,2010-11-23 23:00:00+00:00,short,1.33709,1.3384699999999998,1.33364,764477.2488367675,1.3384699999999998,SL,-1070.2681483715264,104427.59219109756,-1.014492753623284
2010-12-04 04:00:00+00:00,2010-12-05 17:00:00+00:00,long,1.34135,1.34075,1.3428499999999999,1740459.8698518176,1.34075,SL,-1079.0851193082399,103348.50707178932,-1.0333333333335553
2010-12-10 04:00:00+00:00,2010-12-10 06:00:00+00:00,short,1.32467,1.32585,1.32172,875834.8056931604,1.32585,SL,-1051.0017668318712,102297.50530495745,-1.0169491525424845
2010-12-14 15:00:00+00:00,2010-12-14 15:00:00+00:00,long,1.33884,1.33704,1.34334,568319.4739164228,1.33704,SL,-1034.3414425279775,101263.16386242947,-1.011111111111184
2010-12-17 11:00:00+00:00,2010-12-17 15:00:00+00:00,short,1.33091,1.33649,1.3169600000000004,181475.20405453577,1.3169600000000004,TP,2527.9495924796024,103791.11345490908,2.4964157706092758
2010-12-28 07:00:00+00:00,2010-12-28 10:00:00+00:00,long,1.32187,1.32074,1.3246950000000002,918505.4288044438,1.3246950000000002,TP,2576.4077277964157,106367.52118270549,2.482300884955539
2011-01-06 08:00:00+00:00,2011-01-06 23:00:00+00:00,short,1.3113,1.3165099999999998,1.298275,204160.30937179804,1.298275,TP,2655.1048233801744,109022.62600608566,2.4961612284068844
2011-01-13 20:00:00+00:00,2011-01-14 00:00:00+00:00,long,1.3348,1.33399,1.336825,1345958.3457541817,1.33399,SL,-1117.1454269761168,107905.48057910954,-1.024691358024854
2011-01-30 19:00:00+00:00,2011-01-31 05:00:00+00:00,short,1.35831,1.36167,1.34991,321147.2636282994,1.36167,SL,-1085.4777510637036,106820.00282804584,-1.00595238095242
2011-02-01 11:00:00+00:00,2011-02-01 17:00:00+00:00,long,1.37539,1.37227,1.3831899999999995,342371.80393606744,1.3831899999999995,TP,2663.6526346224177,109483.65546266825,2.493589743589737
2011-02-05 02:00:00+00:00,2011-02-06 17:00:00+00:00,short,1.35798,1.35858,1.3564800000000001,1824727.5910446718,1.35858,SL,-1131.331106447815,108352.32435622043,-1.0333333333335555
2011-02-18 15:00:00+00:00,2011-02-18 18:00:00+00:00,long,1.36317,1.3604,1.3700949999999998,391163.62583473936,1.3700949999999998,TP,2700.9848363887645,111053.30919260919,2.492779783393454
2011-03-10 12:00:00+00:00,2011-03-10 19:00:00+00:00,short,1.38349,1.38541,1.3786900000000002,578402.6520448631,1.3786900000000002,TP,2764.764676774321,113818.07386938352,2.4895833333333224
2011-03-14 21:00:00+00:00,2011-03-15 00:00:00+00:00,long,1.39915,1.39808,1.4018249999999997,1063720.3165363895,1.39808,SL,-1159.4551450247022,112658.6187243588,-1.0186915887851709
2011-03-26 22:00:00+00:00,2011-03-27 17:00:00+00:00,short,1.40869,1.40929,1.4071900000000002,1877643.6454061868,1.4071900000000002,TP,2778.9125952006,115437.5313195594,2.4666666666664447
2011-03-31 23:00:00+00:00,2011-04-01 04:00:00+00:00,long,1.41576,1.41511,1.4173849999999995,1775962.020301413,1.4173849999999995,TP,2850.4190425827246,118287.95036214213,2.4692307692305593
2011-04-17 10:00:00+00:00,2011-04-17 17:00:00+00:00,short,1.44274,1.4433399999999998,1.44124,1971465.8393692526,1.4433399999999998,SL,-1222.3088204090645,117065.64154173307,-1.0333333333335553
2011-04-21 13:00:00+00:00,2011-04-21 13:00:00+00:00,long,1.45814,1.45625,1.4628649999999999,619394.9287922557,1.45625,SL,-1183.044313993257,115882.59722773981,-1.0105820105820802
2011-05-06 05:00:00+00:00,2011-05-06 05:00:00+00:00,short,1.45488,1.45559,1.4531049999999999,1632149.2567287562,1.45559,SL,-1191.468957412187,114691.12827032762,-1.028169014084692
2011-05-19 11:00:00+00:00,2011-05-19 11:00:00+00:00,long,1.42703,1.42597,1.4296800000000003,1081991.7761351042,1.42597,SL,-1168.5511182261203,113522.5771521015,-1.0188679245284245
2011-05-22 15:00:00+00:00,2011-05-22 17:00:00+00:00,short,1.41584,1.41644,1.4143400000000002,1892042.9525352335,1.41644,SL,-1173.0666305719676,112349.51052152953,-1.0333333333335553
2011-05-27 22:00:00+00:00,2011-05-29 22:00:00+00:00,long,1.43094,1.43008,1.4330900000000004,1306389.6572269616,1.43008,SL,-1149.6228983600056,111199.88762316953,-1.0232558139536383
2011-06-10 19:00:00+00:00,2011-06-10 19:00:00+00:00,short,1.43524,1.4361,1.4330900000000004,1293021.9491068316,1.4330900000000004,TP,2754.1367515969323,113954.02437476646,2.4767441860463557
2011-06-21 21:00:00+00:00,2011-06-21 21:00:00+00:00,long,1.4409,1.43913,1.4453250000000002,643808.0473150468,1.43913,SL,-1152.4164046940498,112801.60797007241,-1.0112994350283222
2011-06-24 14:00:00+00:00,2011-06-27 14:00:00+00:00,short,1.42028,1.42449,1.4097549999999999,267937.3110928056,1.42449,SL,-1133.3748259226154,111668.2331441498,-1.0047505938242591
2011-06-29 08:00:00+00:00,2011-06-29 10:00:00+00:00,long,1.43944,1.43777,1.4436150000000003,668672.0547553638,1.4436150000000003,TP,2778.3323875086244,114446.56553165842,2.488023952095797
2011-07-07 04:00:00+00:00,2011-07-07 11:00:00+00:00,short,1.4325,1.43472,1.4269500000000004,515525.0699624511,1.4269500000000004,TP,2850.8536368921436,117297.41916855056,2.490990990990931
2011-07-20 15:00:00+00:00,2011-07-21 06:00:00+00:00,long,1.41961,1.4161700000000002,1.4282099999999998,340980.86967603024,1.4282099999999998,TP,2925.615861820199,120223.03503037077,2.4941860465115897
2011-07-29 22:00:00+00:00,2011-07-31 18:00:00+00:00,short,1.43975,1.44034,1.4382750000000004,2037678.559837247,1.4382750000000004,TP,2964.822304562257,123187.85733493303,2.4661016949150247
2011-07-31 22:00:00+00:00,2011-08-01 04:00:00+00:00,long,1.43566,1.43405,1.4396849999999997,765141.9710244813,1.4396849999999997,TP,3064.393593952736,126252.25092888575,2.487577639751471
2011-08-01 18:00:00+00:00,2011-08-01 18:00:00+00:00,short,1.42462,1.4257199999999999,1.4218700000000002,1147747.7357172696,1.4257199999999999,SL,-1285.4774640033534,124966.7734648824,-1.0181818181819393
2011-08-08 07:00:00+00:00,2011-08-08 09:00:00+00:00,long,1.43627,1.4308,1.4499449999999996,228458.45240381264,1.4308,SL,-1254.2369036969303,123712.53656118546,-1.003656307129823
2011-08-08 15:00:00+00:00,2011-08-08 15:00:00+00:00,short,1.41876,1.42017,1.4152350000000002,877393.8763205195,1.42017,SL,-1254.67324313838,122457.86331804708,-1.0141843971632143
2011-08-10 05:00:00+00:00,2011-08-10 06:00:00+00:00,long,1.43463,1.4325400000000001,1.4398549999999999,585922.7909954615,1.4325400000000001,SL,-1236.2970890004567,121221.56622904663,-1.0095693779904935
2011-08-10 16:00:00+00:00,2011-08-10 17:00:00+00:00,short,1.41915,1.42088,1.414825,700702.6949655837,1.42088,SL,-1226.2297161898698,119995.33651285675,-1.011560693641694
2011-08-11 12:00:00+00:00,2011-08-11 12:00:00+00:00,long,1.41489,1.41245,1.42099,491784.1660362987,1.41245,SL,-1209.789048449358,118785.5474644074,-1.008196721311529
2011-08-12 09:00:00+00:00,2011-08-12 09:00:00+00:00,short,1.42247,1.4247299999999998,1.41682,525599.7675416423,1.4247299999999998,SL,-1198.3674699949759,117587.17999441242,-1.0088495575221823
2011-08-14 18:00:00+00:00,2011-08-14 19:00:00+00:00,long,1.42435,1.42375,1.4258499999999998,1959786.333240423,1.4258499999999998,TP,2900.4837731952452,120487.66376760766,2.4666666666664447
2011-09-01 04:00:00+00:00,2011-09-01 07:00:00+00:00,short,1.43661,1.43815,1.4327599999999996,782387.4270623382,1.4327599999999996,TP,2996.543845648929,123484.2076132566,2.487012987012975
2011-09-16 20:00:00+00:00,2011-09-18 18:00:00+00:00,long,1.37946,1.37783,1.3835349999999993,757571.8258482937,1.37783,SL,-1249.9935126496312,122234.21410060697,-1.0122699386503886
2011-09-20 08:00:00+00:00,2011-09-20 08:00:00+00:00,short,1.3669,1.3683299999999998,1.3633250000000006,854784.7139903661,1.3683299999999998,SL,-1239.4378352859892,120994.77626532098,-1.0139860139861074
2011-09-29 04:00:00+00:00,2011-09-29 18:00:00+00:00,long,1.36109,1.3560800000000002,1.3736149999999991,241506.53945175116,1.3560800000000002,SL,-1214.7778934422765,119779.9983718787,-1.0039920159680904
2011-10-01 02:00:00+00:00,2011-10-02 18:00:00+00:00,short,1.33849,1.33909,1.3369900000000001,1996333.306198198,1.3369900000000001,TP,2954.573293172742,122734.57166505144,2.4666666666664447
2011-10-10 05:00:00+00:00,2011-10-10 08:00:00+00:00,long,1.34788,1.34481,1.3555549999999998,399786.8783878019,1.3555549999999998,TP,3060.3685540585216,125794.94021910997,2.4934853420195373
2011-10-20 08:00:00+00:00,2011-10-20 08:00:00+00:00,short,1.37121,1.3726399999999999,1.3676350000000004,879684.8966372431,1.3726399999999999,SL,-1275.5431001239597,124519.397118986,-1.0139860139861074
2011-10-22 08:00:00+00:00,2011-10-23 18:00:00+00:00,long,1.3891,1.3885,1.3905999999999998,2075323.2853166622,1.3885,SL,-1286.7004368964654,123232.69668208953,-1.0333333333335555
2011-11-01 14:00:00+00:00,2011-11-01 14:00:00+00:00,short,1.36578,1.3669,1.3629799999999999,1100291.934661504,1.3669,SL,-1254.3328055142697,121978.36387657527,-1.0178571428572596
2011-11-13 21:00:00+00:00,2011-11-13 21:00:00+00:00,long,1.37861,1.3778000000000001,1.3806349999999994,1505905.7268717545,1.3806349999999994,TP,3019.3409823769166,124997.70485895219,2.475308641975276
2011-11-15 00:00:00+00:00,2011-11-15 00:00:00+00:00,short,1.3624,1.3632199999999999,1.3603500000000004,1524362.2543777989,1.3632199999999999,SL,-1280.4642936772777,123717.24056527491,-1.0243902439026042
2011-12-01 06:00:00+00:00,2011-12-01 06:00:00+00:00,long,1.34586,1.3451,1.3477600000000003,1627858.4284902583,1.3451,SL,-1269.7295742227677,122447.51099105214,-1.0263157894738535
2011-12-08 15:00:00+00:00,2011-12-09 11:00:00+00:00,short,1.33292,1.33883,1.3181450000000003,207186.98983258047,1.33883,SL,-1228.6188497072003,121218.89214134494,-1.0033840947546755
2011-12-22 11:00:00+00:00,2011-12-22 13:00:00+00:00,long,1.30569,1.30332,1.311615,511472.1187398557,1.30332,SL,-1222.4183637883136,119996.47377755663,-1.0084388185654563
2011-12-26 21:00:00+00:00,2011-12-26 21:00:00+00:00,long,1.30599,1.30531,1.30769,1764654.0261405027,1.30531,SL,-1235.2578182986076,118761.21595925803,-1.0294117647060743
2011-12-28 23:00:00+00:00,2011-12-29 00:00:00+00:00,short,1.29376,1.2949499999999998,1.2907850000000005,997993.4114225022,1.2907850000000005,TP,2949.07053075287,121710.2864900109,2.4831932773108116
2012-01-05 03:00:00+00:00,2012-01-05 06:00:00+00:00,long,1.29303,1.2914100000000002,1.2970799999999993,751298.0647532776,1.2914100000000002,SL,-1232.128826195273,120478.15766381563,-1.0123456790124286
2012-01-05 13:00:00+00:00,2012-01-05 13:00:00+00:00,short,1.2841,1.28528,1.2811500000000002,1021001.3361340665,1.2811500000000002,TP,2991.5339148724624,123469.69157868809,2.4830508474574216
2012-01-18 16:00:00+00:00,2012-01-18 17:00:00+00:00,long,1.28164,1.28008,1.2855399999999992,791472.381914777,1.2855399999999992,TP,3070.9128418287155,126540.6044205168,2.4871794871793305
2012-02-04 17:00:00+00:00,2012-02-05 19:00:00+00:00,short,1.31563,1.31623,1.3141300000000002,2109010.0736755123,1.3141300000000002,TP,3121.3349090391334,129661.93932955593,2.4666666666664447
2012-02-08 11:00:00+00:00,2012-02-08 15:00:00+00:00,long,1.32676,1.3242,1.3331599999999997,506491.9505060985,1.3242,SL,-1306.7492323057477,128355.19009725018,-1.0078125000000515
2012-02-14 23:00:00+00:00,2012-02-15 02:00:00+00:00,short,1.31278,1.3143,1.30898,844442.040113507,1.3143,SL,-1300.4407417748826,127054.74935547529,-1.0131578947369286
2012-02-20 15:00:00+00:00,2012-02-20 15:00:00+00:00,long,1.32425,1.32338,1.3264249999999997,1460399.41787915,1.3264249999999997,TP,3147.160745529108,130201.9101010044,2.477011494252721
2012-03-02 09:00:00+00:00,2012-03-06 10:00:00+00:00,short,1.3249,1.3291499999999998,1.3142750000000003,306357.43553178484,1.3142750000000003,TP,3248.920603814435,133450.83070481883,2.495294117647028
2012-03-17 22:00:00+00:00,2012-03-18 18:00:00+00:00,long,1.31732,1.3167200000000001,1.3188199999999999,2224180.511747225,1.3167200000000001,SL,-1378.991917283424,132071.8387875354,-1.0333333333335553
2012-04-04 04:00:00+00:00,2012-04-04 06:00:00+00:00,short,1.32011,1.32083,1.3183099999999999,1834331.094271188,1.32083,SL,-1357.4050097610184,130714.4337777744,-1.0277777777779578
2012-04-14 11:00:00+00:00,2012-04-15 20:00:00+00:00,long,1.30755,1.30695,1.3090499999999998,2178573.8962964797,1.30695,SL,-1350.715815703959,129363.71796207044,-1.0333333333335555
2012-04-18 16:00:00+00:00,2012-04-19 11:00:00+00:00,long,1.3121,1.30985,1.3177250000000003,574949.8576091803,1.30985,SL,-1305.1361767729636,128058.58178529747,-1.008888888888947
2012-05-03 00:00:00+00:00,2012-05-03 07:00:00+00:00,short,1.31478,1.31609,1.3115050000000004,977546.4258420235,1.31609,SL,-1300.1367463699435,126758.44503892753,-1.0152671755726201
2012-06-06 07:00:00+00:00,2012-06-06 12:00:00+00:00,long,1.24982,1.2471700000000001,1.2564449999999994,478333.75486391014,1.2471700000000001,SL,-1277.1511254866164,125481.29391344091,-1.0075471698113707
2012-06-22 23:00:00+00:00,2012-06-24 19:00:00+00:00,short,1.25664,1.25753,1.2544149999999998,1409902.178802616,1.2544149999999998,TP,3108.8343042597858,128590.1282177007,2.4775280898874947
2012-07-01 23:00:00+00:00,2012-07-02 00:00:00+00:00,long,1.26571,1.26486,1.2678349999999994,1512825.0378556666,1.26486,SL,-1316.1577829343187,127273.97043476638,-1.0235294117648657
2012-07-05 19:00:00+00:00,2012-07-06 12:00:00+00:00,short,1.23893,1.2401,1.2360050000000005,1087811.7131177604,1.2360050000000005,TP,3160.0930266065407,130434.06346137292,2.4829059829057742
2012-07-18 01:00:00+00:00,2012-07-18 03:00:00+00:00,long,1.22969,1.2283000000000002,1.2331649999999994,938374.5572762125,1.2283000000000002,SL,-1323.1081257593764,129110.95533561354,-1.0143884892087296
2012-07-20 23:00:00+00:00,2012-07-22 19:00:00+00:00,short,1.21563,1.21597,1.21478,3797381.0392826735,1.21478,TP,3151.8262626041874,132262.78159821773,2.441176470587851
2012-07-27 13:00:00+00:00,2012-07-27 13:00:00+00:00,long,1.22806,1.2263000000000002,1.2324599999999992,751493.0772627024,1.2324599999999992,TP,3291.539678410007,135554.32127662774,2.4886363636362243
2012-08-03 13:00:00+00:00,2012-08-03 13:00:00+00:00,short,1.22586,1.2284199999999998,1.2194600000000002,529509.0674868487,1.2284199999999998,SL,-1366.1333941160838,134188.18788251167,-1.0078125000000515
2012-08-03 23:00:00+00:00,2012-08-05 19:00:00+00:00,long,1.23851,1.23794,1.239935,2354178.734781074,1.23794,SL,-1388.9654535210466,132799.22242899062,-1.035087719298478
2012-08-10 14:00:00+00:00,2012-08-10 14:00:00+00:00,short,1.22617,1.22786,1.221945,785794.2155561718,1.22786,SL,-1343.7081086011326,131455.51432038948,-1.011834319526705
2012-08-18 02:00:00+00:00,2012-08-19 19:00:00+00:00,long,1.23305,1.23245,1.2345499999999998,2190925.2386733997,1.2345499999999998,TP,3242.5693532359824,134698.08367362546,2.4666666666664447
2012-09-21 05:00:00+00:00,2012-09-21 05:00:00+00:00,short,1.29851,1.29978,1.2953350000000003,1060614.8320758892,1.29978,SL,-1368.1931333779112,133329.89054024755,-1.0157480314961675
2012-10-03 13:00:00+00:00,2012-10-04 06:00:00+00:00,long,1.2898,1.2881200000000002,1.2939999999999998,793630.3008348524,1.2939999999999998,TP,3317.374657489388,136647.26519773694,2.4880952380951595
2012-10-10 07:00:00+00:00,2012-10-10 07:00:00+00:00,short,1.28663,1.2875999999999999,1.284205,1408734.6927602976,1.2875999999999999,SL,-1394.64734583276,135252.6178519042,-1.0206185567011679
2012-10-16 13:00:00+00:00,2012-10-16 14:00:00+00:00,long,1.30494,1.30377,1.3078649999999996,1156005.2807856114,1.30377,SL,-1375.6462841349057,133876.97156776927,-1.0170940170941307
2012-10-24 08:00:00+00:00,2012-10-25 06:00:00+00:00,short,1.29607,1.30026,1.2855950000000003,319515.4452691455,1.30026,SL,-1345.1600245831175,132531.81154318617,-1.0047732696897689
2012-11-01 18:00:00+00:00,2012-11-02 05:00:00+00:00,long,1.29332,1.2925600000000002,1.2952199999999996,1743839.625568533,1.2925600000000002,SL,-1360.194907943461,131171.6166352427,-1.026315789473861
2012-11-02 12:00:00+00:00,2012-11-02 12:00:00+00:00,short,1.28839,1.2893299999999999,1.28604,1395442.7301622443,1.28604,TP,3251.3815612776402,134422.99819652035,2.4787234042551787
2012-11-16 04:00:00+00:00,2012-11-16 06:00:00+00:00,long,1.27726,1.2758,1.28091,920705.4670994438,1.2758,SL,-1362.644091307313,133060.35410521305,-1.0136986301370758
2012-12-08 00:00:00+00:00,2012-12-09 18:00:00+00:00,short,1.29253,1.29313,1.2910300000000001,2217672.568420462,1.2910300000000001,TP,3282.1554012616266,136342.5095064747,2.4666666666664447
2012-12-13 02:00:00+00:00,2012-12-13 06:00:00+00:00,long,1.3062,1.30495,1.3093249999999999,1090740.0760518208,1.3093249999999999,TP,3386.7479361405667,139729.25744261526,2.483999999999806
2012-12-24 22:00:00+00:00,2012-12-25 09:00:00+00:00,short,1.31842,1.31976,1.3150699999999995,1042755.6525567379,1.31976,SL,-1418.1476874774241,138311.10975513782,-1.0149253731344248
2012-12-27 08:00:00+00:00,2012-12-27 15:00:00+00:00,long,1.32496,1.3232700000000002,1.3291849999999994,818408.9334624764,1.3232700000000002,SL,-1399.4792762207348,136911.6304789171,-1.0118343195267065
2013-01-01 10:00:00+00:00,2013-01-01 22:00:00+00:00,short,1.31897,1.31957,1.3174700000000001,2281860.507982203,1.31957,SL,-1414.7535149491139,135496.87696396798,-1.0333333333335553
2013-01-02 10:00:00+00:00,2013-01-02 10:00:00+00:00,long,1.32643,1.3246,1.331005,740420.0926992792,1.3246,SL,-1369.7771714937624,134127.0997924742,-1.0109289617487054
2013-01-03 02:00:00+00:00,2013-01-03 10:00:00+00:00,short,1.31708,1.3191,1.3120300000000003,663995.5435271295,1.3120300000000003,TP,3339.897583941226,137466.99737641544,2.490099009900925
2013-01-11 05:00:00+00:00,2013-01-11 13:00:00+00:00,long,1.32594,1.32478,1.3288399999999996,1185060.322210654,1.3288399999999996,TP,3412.9737279661495,140879.9711043816,2.4827586206896353
2013-01-20 19:00:00+00:00,2013-01-21 00:00:00+00:00,short,1.33192,1.33252,1.3304200000000002,2347999.518406619,1.3304200000000002,TP,3475.0392872411003,144355.0103916227,2.4666666666664447
2013-01-25 02:00:00+00:00,2013-01-25 02:00:00+00:00,long,1.33583,1.3351600000000001,1.337505,2154552.3939049826,1.3351600000000001,SL,-1486.6411517946092,142868.36923982808,-1.0298507462688546
2013-02-06 14:00:00+00:00,2013-02-06 15:00:00+00:00,short,1.34981,1.35334,1.3409849999999999,404726.25846976414,1.35334,SL,-1436.7782175677291,141431.59102226034,-1.0056657223796406
2013-03-09 19:00:00+00:00,2013-03-10 21:00:00+00:00,long,1.30039,1.29979,1.3018899999999998,2357193.183704599,1.29979,SL,-1461.4597738970044,139970.13124836332,-1.0333333333335555
2013-03-16 11:00:00+00:00,2013-03-17 21:00:00+00:00,long,1.30754,1.30694,1.3090399999999998,2332835.5208063126,1.30694,SL,-1446.3580229000652,138523.77322546326,-1.0333333333335555
2013-03-19 00:00:00+00:00,2013-03-19 00:00:00+00:00,short,1.29435,1.29527,1.2920499999999997,1505693.187233244,1.29527,SL,-1415.3515959994947,137108.42162946376,-1.0217391304349241
2013-03-24 16:00:00+00:00,2013-03-24 21:00:00+00:00,long,1.29917,1.29857,1.3006699999999998,2285140.3604913144,1.29857,SL,-1416.7870235047633,135691.634605959,-1.0333333333335553
2013-03-26 01:00:00+00:00,2013-03-26 01:00:00+00:00,short,1.28584,1.28708,1.2827400000000004,1094287.3758545895,1.28708,SL,-1378.8020935768254,134312.83251238219,-1.0161290322581715
2013-04-04 18:00:00+00:00,2013-04-10 07:00:00+00:00,long,1.29377,1.28705,1.3105700000000002,199870.28647675746,1.3105700000000002,TP,3353.8234070799936,137666.65591946218,2.49702380952379
2013-04-19 07:00:00+00:00,2013-04-19 08:00:00+00:00,short,1.30745,1.3089899999999999,1.3036000000000003,893939.3241524246,1.3089899999999999,SL,-1394.5453456777875,136272.1105737844,-1.012987012987099
2013-04-29 14:00:00+00:00,2013-04-30 07:00:00+00:00,long,1.30859,1.30705,1.3124399999999996,884883.8348947759,1.30705,SL,-1380.4187824358555,134891.69179134854,-1.0129870129870993
2013-05-07 17:00:00+00:00,2013-05-08 01:00:00+00:00,short,1.30827,1.30935,1.3055700000000001,1248997.1462162249,1.30935,SL,-1373.8968608379735,133517.79493051057,-1.0185185185186403
2013-05-09 10:00:00+00:00,2013-05-09 12:00:00+00:00,long,1.31443,1.31284,1.3184049999999998,839734.5593113977,1.31284,SL,-1351.9726404914438,132165.82229001913,-1.0125786163522839
2013-05-09 23:00:00+00:00,2013-05-10 07:00:00+00:00,short,1.30397,1.3051199999999998,1.3010950000000006,1149268.0199134473,1.3010950000000006,TP,3281.1601968521863,135446.9824868713,2.482608695652153
2013-05-23 18:00:00+00:00,2013-05-23 23:00:00+00:00,long,1.2934,1.2925,1.2956500000000004,1504966.4720761422,1.2925,SL,-1384.569154310433,134062.41333256086,-1.022222222222365
2013-06-20 21:00:00+00:00,2013-06-20 22:00:00+00:00,short,1.32189,1.32354,1.317765,812499.4747428279,1.32354,SL,-1356.8741228205718,132705.5392097403,-1.0121212121212921
2013-07-11 20:00:00+00:00,2013-07-12 01:00:00+00:00,long,1.31015,1.308,1.3155249999999996,617235.0660918514,1.308,SL,-1339.400093419321,131366.13911632096,-1.0093023255814568
2013-08-02 10:00:00+00:00,2013-08-02 12:00:00+00:00,short,1.32117,1.3230499999999998,1.3164700000000003,698756.0591294108,1.3230499999999998,SL,-1327.6365123458895,130038.50260397507,-1.0106382978724109
2013-08-04 12:00:00+00:00,2013-08-05 00:00:00+00:00,long,1.32778,1.32718,1.3292799999999998,2167308.376733157,1.32718,SL,-1343.731193574698,128694.77141040037,-1.0333333333335555
2013-08-13 16:00:00+00:00,2013-08-13 16:00:00+00:00,short,1.3246,1.32521,1.323075,2109750.350990172,1.32521,SL,-1329.1427211240837,127365.62868927629,-1.0327868852461164
2013-08-17 13:00:00+00:00,2013-08-18 22:00:00+00:00,long,1.33288,1.3322800000000001,1.33438,2122760.4781548386,1.3322800000000001,SL,-1316.1114964561377,126049.51719282015,-1.0333333333335553
2013-08-29 00:00:00+00:00,2013-08-29 06:00:00+00:00,short,1.33347,1.3349,1.3298949999999998,881465.1551945204,1.3298949999999998,TP,3133.608626716498,129183.12581953664,2.486013986013895
2013-09-09 22:00:00+00:00,2013-09-10 06:00:00+00:00,long,1.32538,1.32463,1.327255,1722441.6775937567,1.327255,TP,3195.1293119363154,132378.25513147295,2.4733333333331595
2013-09-28 23:00:00+00:00,2013-09-29 21:00:00+00:00,short,1.35217,1.35277,1.3506700000000003,2206304.252191459,1.3506700000000003,TP,3265.3302932427055,135643.58542471565,2.4666666666664447
2013-10-10 00:00:00+00:00,2013-10-10 02:00:00+00:00,short,1.35183,1.35283,1.3493300000000004,1356435.854247306,1.3493300000000004,TP,3363.9609185327677,139007.54634324842,2.4799999999998668
2013-10-15 00:00:00+00:00,2013-10-15 08:00:00+00:00,long,1.35566,1.3546500000000001,1.358185,1376312.3400322234,1.3546500000000001,SL,-1417.601710233309,137589.9446330151,-1.0198019801981504
2013-10-15 16:00:00+00:00,2013-10-15 18:00:00+00:00,short,1.34935,1.3513,1.3444750000000003,705589.4596565254,1.3513,SL,-1390.0112355233744,136199.93339749172,-1.0102564102564782
2013-10-17 20:00:00+00:00,2013-10-18 00:00:00+00:00,long,1.36785,1.3664800000000001,1.3712749999999998,994160.0977920039,1.3664800000000001,SL,-1381.8825359308878,134818.05086156083,-1.0145985401460824
2013-10-30 23:00:00+00:00,2013-10-31 10:00:00+00:00,short,1.37219,1.37432,1.3668650000000002,632948.5955941926,1.3668650000000002,TP,3357.7922996269835,138175.8431611878,2.490610328638384
2013-11-14 11:00:00+00:00,2013-11-14 11:00:00+00:00,long,1.34287,1.3422500000000002,1.3444199999999995,2228642.631632626,1.3422500000000002,SL,-1426.3312842448227,136749.51187694297,-1.0322580645163486
2013-11-22 14:00:00+00:00,2013-11-22 16:00:00+00:00,short,1.35229,1.35377,1.3485900000000002,923983.188357769,1.35377,SL,-1385.974782536706,135363.53709440626,-1.0135135135136026
2013-11-23 08:00:00+00:00,2013-11-24 21:00:00+00:00,long,1.35562,1.3550200000000001,1.3571199999999999,2256058.951573686,1.3550200000000001,SL,-1398.756549975832,133964.78054443042,-1.0333333333335555
2013-12-04 04:00:00+00:00,2013-12-04 12:00:00+00:00,short,1.35865,1.35982,1.3557249999999996,1144998.1243112583,1.35982,SL,-1362.5477679306796,132602.23277649973,-1.0170940170941274
2013-12-05 07:00:00+00:00,2013-12-05 09:00:00+00:00,long,1.36255,1.3597000000000001,1.3696749999999995,465270.9921982778,1.3597000000000001,SL,-1335.3277476090238,131266.9050288907,-1.0070175438596956
2013-12-19 06:00:00+00:00,2013-12-19 06:00:00+00:00,short,1.36661,1.36734,1.3647850000000004,1798176.7812179336,1.36734,SL,-1348.6325859135013,129918.2724429772,-1.027397260274156
2013-12-27 11:00:00+00:00,2013-12-27 11:00:00+00:00,long,1.3804,1.37883,1.3843250000000002,827504.9200189256,1.3843250000000002,TP,3231.4067126739433,133149.67915565116,2.4872611464967322
2014-01-03 02:00:00+00:00,2014-01-03 14:00:00+00:00,short,1.36545,1.36712,1.3612750000000005,797303.4679979883,1.3612750000000005,TP,3312.795909531215,136462.47506518237,2.4880239520957286
2014-01-11 18:00:00+00:00,2014-01-13 03:00:00+00:00,long,1.36661,1.3660100000000002,1.36811,2274374.5844199564,1.36811,TP,3366.074384940862,139828.54945012325,2.4666666666664443
2014-01-16 17:00:00+00:00,2014-01-16 19:00:00+00:00,short,1.36001,1.36164,1.355935,857843.8616571871,1.36164,SL,-1415.4423717344885,138413.10707838877,-1.0122699386503868
2014-01-24 02:00:00+00:00,2014-01-24 06:00:00+00:00,long,1.36828,1.36755,1.3701049999999997,1896069.959978195,1.3701049999999997,TP,3422.406277759907,141835.51335614867,2.472602739725844
2014-01-31 02:00:00+00:00,2014-01-31 07:00:00+00:00,short,1.35556,1.35635,1.3535850000000005,1795386.2450148894,1.3535850000000005,TP,3509.980109003184,145345.49346515187,2.474683544303627
2014-02-07 18:00:00+00:00,2014-02-11 00:00:00+00:00,long,1.36209,1.3603,1.366565,811985.9970120406,1.366565,TP,3617.39761668854,148962.8910818404,2.488826815642447
2014-02-27 01:00:00+00:00,2014-02-27 01:00:00+00:00,short,1.36873,1.3693499999999998,1.3671800000000003,2402627.275514164,1.3693499999999998,SL,-1537.6814563290022,147425.2096255114,-1.0322580645163486
2014-03-01 09:00:00+00:00,2014-03-02 22:00:00+00:00,long,1.3799,1.3793,1.3813999999999997,2457086.8270921274,1.3793,SL,-1523.3938327972785,145901.81579271413,-1.0333333333335553
2014-03-05 16:00:00+00:00,2014-03-06 12:00:00+00:00,short,1.37382,1.37526,1.3702200000000002,1013207.0541161507,1.37526,SL,-1479.2822990095972,144422.53349370454,-1.013888888888981
2014-03-06 20:00:00+00:00,2014-03-07 10:00:00+00:00,long,1.38602,1.38508,1.3883699999999999,1536409.9307841877,1.3883699999999999,TP,3579.835138726729,148002.36863243126,2.4787234042551787
2014-03-20 12:00:00+00:00,2014-03-20 14:00:00+00:00,short,1.37727,1.37788,1.375745,2426268.33823658,1.37788,SL_and_TP_same_bar_assume_SL,-1528.549053089362,146473.81957934189,-1.0327868852461164
2014-04-02 06:00:00+00:00,2014-04-02 07:00:00+00:00,long,1.38074,1.3799000000000001,1.3828399999999998,1743735.9473732177,1.3799000000000001,SL,-1499.6129147411118,144974.2066646008,-1.0238095238096812
2014-04-03 21:00:00+00:00,2014-04-04 05:00:00+00:00,short,1.37199,1.37265,1.3703400000000003,2196578.8888579775,1.3703400000000003,TP,3580.4235888375724,148554.63025343837,2.469696969696766
2014-04-09 04:00:00+00:00,2014-04-09 06:00:00+00:00,long,1.37924,1.3781700000000001,1.3819149999999998,1388361.0304060902,1.3781700000000001,SL,-1513.3135231426875,147041.3167302957,-1.0186915887851709
2014-04-16 15:00:00+00:00,2014-04-17 00:00:00+00:00,short,1.38068,1.3833799999999998,1.37393,544597.4693714808,1.3833799999999998,SL,-1481.305116690458,145560.01161360522,-1.0074074074074562
2014-04-24 15:00:00+00:00,2014-04-28 07:00:00+00:00,long,1.38192,1.38012,1.3864200000000002,808666.731186685,1.3864200000000002,TP,3622.826955716381,149182.8385693216,2.488888888888878
2014-05-09 20:00:00+00:00,2014-05-12 04:00:00+00:00,short,1.37549,1.37628,1.3735150000000005,1888390.3616373497,1.37628,SL,-1529.5961929262105,147653.2423763954,-1.0253164556963732
2014-06-06 13:00:00+00:00,2014-06-09 09:00:00+00:00,long,1.36639,1.3621,1.3771149999999999,344180.05215943744,1.3621,SL,-1483.4160248071878,146169.8263515882,-1.0046620046620351
2014-06-10 14:00:00+00:00,2014-06-10 17:00:00+00:00,short,1.35534,1.3559599999999998,1.3537900000000005,2357577.8443810525,1.3537900000000005,TP,3607.0941019015136,149776.92045348973,2.467741935483472
2014-06-19 19:00:00+00:00,2014-06-20 05:00:00+00:00,long,1.3608,1.35983,1.363225,1544091.9634381733,1.363225,TP,3713.541172068449,153490.46162555818,2.4793814432989465
2014-07-04 18:00:00+00:00,2014-07-07 15:00:00+00:00,short,1.35937,1.3602999999999998,1.3570450000000003,1650435.0712427823,1.3602999999999998,SL,-1567.9133176806538,151922.54830787753,-1.0215053763442299
2014-10-09 04:00:00+00:00,2014-10-09 12:00:00+00:00,long,1.27432,1.27198,1.2801699999999994,649241.6594354332,1.27198,SL,-1532.210316267569,150390.33799160997,-1.0085470085470651
2014-10-23 05:00:00+00:00,2014-10-23 05:00:00+00:00,short,1.26391,1.26457,1.2622600000000004,2278641.4847217677,1.26457,SL,-1549.4762096108338,148840.86178199912,-1.0303030303032343
2014-11-17 05:00:00+00:00,2014-11-17 05:00:00+00:00,long,1.25481,1.2541600000000002,1.2564349999999995,2289859.412031399,1.2541600000000002,SL,-1534.2058060609193,147306.6559759382,-1.0307692307694412
2014-11-24 11:00:00+00:00,2014-11-24 11:00:00+00:00,short,1.24058,1.24126,1.23888,2166274.352587282,1.24126,SL,-1516.3920468114115,145790.26392912678,-1.0294117647060745
2014-12-11 10:00:00+00:00,2014-12-11 10:00:00+00:00,long,1.2421,1.2412,1.2443499999999998,1619891.8214349204,1.2443499999999998,TP,3612.3587617994385,149402.62269092622,2.477777777777753
2014-12-19 02:00:00+00:00,2014-12-19 07:00:00+00:00,short,1.22851,1.22912,1.226985,2449223.3228020715,1.22912,SL,-1543.0106933656245,147859.6119975606,-1.0327868852461164
2015-02-04 06:00:00+00:00,2015-02-04 07:00:00+00:00,long,1.14778,1.14609,1.152005,874908.9467311436,1.14609,SL,-1496.0942989103435,146363.51769865025,-1.011834319526705
2015-02-10 12:00:00+00:00,2015-02-10 12:00:00+00:00,short,1.12781,1.12917,1.12441,1076202.336019465,1.12917,SL,-1485.1592237070327,144878.3584749432,-1.014705882353037
2015-02-15 22:00:00+00:00,2015-02-15 22:00:00+00:00,long,1.1399,1.1392900000000001,1.1414249999999995,2375055.056967149,1.1392900000000001,SL,-1496.2846858890864,143382.07378905412,-1.0327868852461286
2015-02-23 18:00:00+00:00,2015-02-23 18:00:00+00:00,short,1.13319,1.13509,1.1284399999999999,754642.4936265956,1.13509,SL,-1448.913587763172,141933.16020129094,-1.0105263157895426
2015-03-20 10:00:00+00:00,2015-03-20 10:00:00+00:00,long,1.06728,1.06665,1.0688549999999997,2252907.304782723,1.0688549999999997,TP,3503.270858936073,145436.431060227,2.4682539682535793
2015-03-31 23:00:00+00:00,2015-04-01 00:00:00+00:00,short,1.07397,1.075,1.0713950000000003,1412004.1850509336,1.075,SL,-1482.6043943034738,143953.82666592355,-1.0194174757282852
2015-04-06 04:00:00+00:00,2015-04-06 06:00:00+00:00,long,1.09849,1.09711,1.10194,1043143.6714922475,1.09711,SL,-1460.4011400892173,142493.42552583435,-1.014492753623284
2015-04-09 03:00:00+00:00,2015-04-09 05:00:00+00:00,short,1.07829,1.0790499999999998,1.0763900000000004,1874913.4937612943,1.0763900000000004,TP,3524.837368270179,146018.26289410453,2.473684210525993
2015-04-20 03:00:00+00:00,2015-04-20 04:00:00+00:00,long,1.0797,1.0786200000000001,1.0824,1352020.952723228,1.0786200000000001,SL,-1487.223047995687,144531.03984610885,-1.0185185185186403
2015-05-13 05:00:00+00:00,2015-05-13 06:00:00+00:00,short,1.12486,1.12608,1.12181,1184680.6544763031,1.12608,SL,-1469.0040115507697,143062.03583455808,-1.0163934426230583
2015-05-13 15:00:00+00:00,2015-05-14 06:00:00+00:00,long,1.13505,1.1323800000000002,1.1417249999999992,535812.8682942796,1.1417249999999992,TP,3565.834638497996,146627.87047305607,2.49250936329583
2015-05-20 08:00:00+00:00,2015-05-20 08:00:00+00:00,short,1.11002,1.11116,1.1071700000000002,1286209.3901146185,1.11116,SL,-1492.0028925330216,145135.86758052305,-1.017543859649239
2015-06-03 05:00:00+00:00,2015-06-03 07:00:00+00:00,long,1.11626,1.11495,1.119535,1107907.3861109286,1.11495,SL,-1473.5168235275942,143662.35075699544,-1.01526717557262
2015-06-24 06:00:00+00:00,2015-06-24 07:00:00+00:00,short,1.11964,1.1215199999999999,1.1149400000000003,764161.4401968323,1.1215199999999999,SL,-1451.9067363739912,142210.44402062145,-1.0106382978724109
2015-07-12 23:00:00+00:00,2015-07-12 23:00:00+00:00,long,1.11196,1.11137,1.1134350000000004,2410346.508823723,1.1134350000000004,TP,3507.054170339014,145717.49819096047,2.466101694915226
2015-07-14 23:00:00+00:00,2015-07-15 06:00:00+00:00,short,1.10124,1.10229,1.0986150000000001,1387785.6970567724,1.10229,SL,-1484.930695850922,144232.56749510954,-1.019047619047744
2015-07-24 16:00:00+00:00,2015-07-27 06:00:00+00:00,long,1.0976,1.09551,1.1028249999999997,690107.9784455248,1.1028249999999997,TP,3592.0120278087375,147824.57952291827,2.4904306220095065
2015-08-03 08:00:00+00:00,2015-08-04 18:00:00+00:00,short,1.09694,1.10016,1.0888900000000001,459082.54510223056,1.0888900000000001,TP,3686.432837170801,151511.01236008908,2.4937888198757014
2015-08-11 11:00:00+00:00,2015-08-11 13:00:00+00:00,long,1.10344,1.10139,1.1085649999999996,739078.1090736466,1.1085649999999996,TP,3772.993746820575,155284.00610690966,2.4902439024389054
2015-08-31 06:00:00+00:00,2015-08-31 07:00:00+00:00,short,1.12508,1.1268399999999998,1.1206800000000006,882295.4892439244,1.1206800000000006,TP,3864.454242887846,159148.4603497975,2.488636363636351
2015-09-11 03:00:00+00:00,2015-09-11 09:00:00+00:00,long,1.1282,1.12697,1.1312750000000003,1293889.9215430014,1.12697,SL,-1617.3624019290046,157531.0979478685,-1.0162601626017316
2015-09-22 17:00:00+00:00,2015-09-23 07:00:00+00:00,short,1.11241,1.11442,1.1073849999999998,783736.8057107623,1.11442,SL,-1590.9857155930029,155940.11223227548,-1.0099502487562837
2015-10-05 11:00:00+00:00,2015-10-05 11:00:00+00:00,long,1.12445,1.12303,1.128,1098169.8044526621,1.12303,SL,-1581.3645184119518,154358.74771386353,-1.0140845070423459
2015-10-21 01:00:00+00:00,2015-10-21 07:00:00+00:00,short,1.1362,1.13737,1.1332750000000003,1319305.5360160477,1.13737,SL,-1569.9735878591289,152788.7741260044,-1.0170940170941305
2015-12-03 19:00:00+00:00,2015-12-04 07:00:00+00:00,long,1.093,1.0896000000000001,1.1014999999999997,449378.74742944486,1.0896000000000001,SL,-1536.8753162086919,151251.8988097957,-1.0058823529412153
2015-12-17 18:00:00+00:00,2015-12-17 21:00:00+00:00,short,1.08189,1.08272,1.0798150000000004,1822312.0338532098,1.08272,SL,-1548.9652287752601,149702.93358102045,-1.0240963855423297
2015-12-24 06:00:00+00:00,2015-12-24 09:00:00+00:00,long,1.09367,1.0926900000000002,1.0961199999999993,1527580.9549087477,1.0961199999999993,TP,3712.0217204271357,153414.9553014476,2.479591836734555
2016-01-04 00:00:00+00:00,2016-01-04 02:00:00+00:00,short,1.08515,1.0872499999999998,1.0799000000000007,730547.40619745,1.0872499999999998,SL,-1548.7605011385208,151866.19480030908,-1.009523809523873
2016-01-11 16:00:00+00:00,2016-01-11 16:00:00+00:00,long,1.08514,1.08443,1.0869149999999999,2138960.4901452335,1.0869149999999999,TP,3753.875660204305,155620.07046051338,2.471830985915152
2016-01-13 14:00:00+00:00,2016-01-13 14:00:00+00:00,short,1.08309,1.0837599999999998,1.0814150000000007,2322687.618814581,1.0837599999999998,SL,-1602.6544569817297,154017.41600353166,-1.0298507462688644
2016-01-14 10:00:00+00:00,2016-01-14 10:00:00+00:00,long,1.09021,1.08921,1.0927099999999996,1540174.1600354863,1.0927099999999996,TP,3819.63191688738,157837.04792041905,2.4799999999998668
2016-01-22 14:00:00+00:00,2016-01-22 15:00:00+00:00,short,1.08146,1.08263,1.0785350000000005,1349034.5976105423,1.08263,SL,-1605.3511711565782,156231.69674926248,-1.0170940170941307
2016-01-28 19:00:00+00:00,2016-01-28 21:00:00+00:00,long,1.0964,1.09375,1.1030250000000001,589553.5726387171,1.09375,SL,-1574.1080389454762,154657.588710317,-1.00754716981137
2016-02-17 02:00:00+00:00,2016-02-17 03:00:00+00:00,short,1.11334,1.11534,1.10834,773287.9435515844,1.11534,SL,-1562.041645974303,153095.5470643427,-1.0100000000000655
2016-03-07 18:00:00+00:00,2016-03-08 18:00:00+00:00,long,1.10212,1.09975,1.108045,645972.7724233916,1.09975,SL,-1543.8749260919797,151551.67213825072,-1.0084388185654563
2016-03-24 23:00:00+00:00,2016-03-25 01:00:00+00:00,short,1.1177,1.1185399999999999,1.1156000000000001,1804186.5730745168,1.1156000000000001,TP,3752.7080719943415,155304.38021024506,2.4761904761901867
2016-03-30 08:00:00+00:00,2016-03-31 13:00:00+00:00,long,1.13281,1.12957,1.1409100000000003,479334.5068217245,1.1409100000000003,TP,3873.022815119576,159177.40302536462,2.4938271604937525
2016-04-13 20:00:00+00:00,2016-04-14 07:00:00+00:00,short,1.128,1.12961,1.1239749999999997,988679.5218966063,1.1239749999999997,TP,3959.6614851959444,163137.06451056057,2.4875776397514033
2016-04-28 01:00:00+00:00,2016-04-28 01:00:00+00:00,long,1.13102,1.13035,1.1326949999999998,2434881.5598593005,1.13035,SL,-1680.0682763031107,161456.99623425744,-1.0298507462688544
2016-05-09 21:00:00+00:00,2016-05-10 01:00:00+00:00,short,1.13832,1.13903,1.136545,2274042.200482536,1.13903,SL,-1660.050806352523,159796.94542790492,-1.028169014084692
2016-06-03 14:00:00+00:00,2016-06-10 15:00:00+00:00,long,1.1326,1.12803,1.144025,349665.0884636898,1.12803,SL,-1604.9627560483689,158191.98267185656,-1.0043763676149082
2016-06-14 13:00:00+00:00,2016-06-14 13:00:00+00:00,short,1.12342,1.12459,1.1204950000000005,1352068.2279647093,1.1204950000000005,TP,3927.758202236793,162119.74087409335,2.4829059829057747
2016-06-21 06:00:00+00:00,2016-06-21 07:00:00+00:00,long,1.13299,1.13229,1.1347399999999999,2315996.2982015884,1.1347399999999999,TP,4006.6735958882555,166126.4144699816,2.4714285714285396
2016-06-24 16:00:00+00:00,2016-06-24 16:00:00+00:00,short,1.11212,1.1139999999999999,1.1074200000000003,883651.14079783,1.1139999999999999,SL,-1678.9371675158882,164447.4773024657,-1.0106382978724107
2016-07-14 17:00:00+00:00,2016-07-15 08:00:00+00:00,long,1.11135,1.11009,1.1145,1305138.7087496875,1.1145,TP,4085.084158386333,168532.56146085204,2.484126984126793
2016-07-19 09:00:00+00:00,2016-07-19 13:00:00+00:00,short,1.10635,1.1083399999999999,1.101375,846897.293773153,1.101375,TP,4196.376090645821,172728.93755149786,2.489949748743708
2016-07-29 00:00:00+00:00,2016-07-29 11:00:00+00:00,long,1.10825,1.10697,1.1114499999999998,1349444.824621132,1.1114499999999998,TP,4291.234542294847,177020.1720937927,2.484374999999897
2016-08-09 01:00:00+00:00,2016-08-09 13:00:00+00:00,short,1.10863,1.10965,1.10608,1735491.883272442,1.10965,SL,-1804.9115586036035,175215.2605351891,-1.019607843137383
2016-08-11 14:00:00+00:00,2016-08-11 17:00:00+00:00,long,1.11667,1.1145,1.122095,807443.5969363534,1.1145,SL,-1768.3014772907238,173446.95905789838,-1.0092165898618115
2016-08-26 20:00:00+00:00,2016-08-30 12:00:00+00:00,short,1.11936,1.1209,1.1155099999999996,1126278.9549213473,1.1155099999999996,TP,4313.64839734901,177760.60745524737,2.487012987012975
2016-09-07 21:00:00+00:00,2016-09-08 06:00:00+00:00,long,1.12389,1.12314,1.1257650000000001,2370141.4327365416,1.1257650000000001,TP,4396.612357726142,182157.21981297352,2.4733333333331595
2016-09-19 03:00:00+00:00,2016-09-19 08:00:00+00:00,short,1.11702,1.11774,1.1152199999999999,2529961.3862911095,1.1152199999999999,TP,4503.331267597903,186660.55108057143,2.472222222221888
2016-09-26 00:00:00+00:00,2016-09-26 03:00:00+00:00,long,1.12373,1.12276,1.1261549999999998,1924335.578150389,1.12276,SL,-1905.0922223689745,184755.45885820244,-1.0206185567011679
2016-10-04 15:00:00+00:00,2016-10-04 15:00:00+00:00,short,1.11582,1.11665,1.1137450000000002,2225969.383834069,1.11665,SL,-1892.0739762589976,182863.38488194344,-1.02409638554233
2016-10-05 00:00:00+00:00,2016-10-05 14:00:00+00:00,long,1.12091,1.11974,1.1238350000000004,1562934.91352073,1.11974,SL,-1859.892547090054,181003.4923348534,-1.0170940170941274
2016-10-31 16:00:00+00:00,2016-11-01 14:00:00+00:00,long,1.09618,1.0929900000000001,1.1041549999999996,567409.066880453,1.1041549999999996,TP,4513.739127033715,185517.2314618871,2.4937304075235045
2016-11-10 10:00:00+00:00,2016-11-14 01:00:00+00:00,short,1.08942,1.09345,1.079345,460340.52471932536,1.079345,TP,4628.723976052782,190145.95543793988,2.4950372208436673
2016-11-30 11:00:00+00:00,2016-11-30 12:00:00+00:00,long,1.06524,1.06292,1.0710399999999995,819594.6355084047,1.06292,SL,-1917.8514470896741,188228.1039908502,-1.0086206896552292
2016-11-30 20:00:00+00:00,2016-12-01 05:00:00+00:00,short,1.05972,1.06079,1.0570450000000002,1759141.15879315,1.06079,SL,-1917.4638630845957,186310.64012776563,-1.0186915887851709
2016-12-12 03:00:00+00:00,2016-12-12 07:00:00+00:00,short,1.05632,1.0572,1.05412,2117166.3650882654,1.0572,SL,-1905.449728579699,184405.19039918593,-1.022727272727422
2016-12-29 02:00:00+00:00,2016-12-29 09:00:00+00:00,long,1.04341,1.0418800000000001,1.0472349999999995,1205262.6823477708,1.0472349999999995,TP,4586.024506332536,188991.21490551846,2.4869281045750764
2017-01-04 09:00:00+00:00,2017-01-04 14:00:00+00:00,short,1.04336,1.04461,1.040235,1511929.7192441798,1.04461,SL,-1920.150743440266,187071.0641620782,-1.016000000000105
2017-01-05 20:00:00+00:00,2017-01-06 01:00:00+00:00,long,1.05918,1.05809,1.061905,1716248.295064882,1.05809,SL,-1905.0356075223044,185166.0285545559,-1.0183486238533306
2017-01-30 20:00:00+00:00,2017-01-30 22:00:00+00:00,short,1.06943,1.07011,1.0677300000000005,2723029.831685479,1.07011,SL,-1906.1208821796251,183259.90767237628,-1.0294117647060839
2017-01-31 17:00:00+00:00,2017-01-31 17:00:00+00:00,long,1.07931,1.07761,1.08356,1077999.456896309,1.07761,SL,-1854.1590658618304,181405.74860651445,-1.0117647058824297
2017-02-07 19:00:00+00:00,2017-02-08 08:00:00+00:00,short,1.06942,1.07121,1.0649450000000003,1013439.9363492663,1.0649450000000003,TP,4514.87491643563,185920.62352295007,2.4888268156423226
2017-03-07 04:00:00+00:00,2017-03-07 09:00:00+00:00,long,1.05892,1.05776,1.0618200000000002,1602763.9958874318,1.05776,SL,-1891.2615151474595,184029.3620078026,-1.017241379310457
2017-03-09 04:00:00+00:00,2017-03-09 08:00:00+00:00,short,1.05307,1.05447,1.0495699999999997,1314495.442912812,1.05447,SL,-1866.5835289364545,182162.77847886615,-1.014285714285807
2017-03-10 15:00:00+00:00,2017-03-10 18:00:00+00:00,long,1.06341,1.06141,1.06841,910813.89239433,1.06841,TP,4535.853184123749,186698.6316629899,2.48999999999999
2017-03-30 17:00:00+00:00,2017-04-07 11:00:00+00:00,short,1.07035,1.07335,1.0628499999999996,622328.7722099428,1.0628499999999996,TP,4655.019216130468,191353.65087912037,2.49333333333329
2017-04-18 12:00:00+00:00,2017-04-18 17:00:00+00:00,long,1.0678,1.0658100000000001,1.072775,961576.1350709874,1.072775,TP,4764.60974927657,196118.26062839694,2.489949748743708
2017-05-10 12:00:00+00:00,2017-05-10 18:00:00+00:00,short,1.08764,1.0885399999999998,1.0853900000000003,2179091.784760206,1.0853900000000003,TP,4859.374680014192,200977.63530841112,2.4777777777775065
2017-05-16 03:00:00+00:00,2017-05-16 06:00:00+00:00,long,1.09881,1.09773,1.10151,1860904.0306334882,1.10151,TP,4987.222802097364,205964.85811050847,2.4814814814813597
2017-05-30 17:00:00+00:00,2017-05-30 18:00:00+00:00,short,1.11747,1.11899,1.11367,1355031.9612533757,1.11899,SL,-2086.74922033033,203878.10889017815,-1.0131578947369286
2017-06-01 07:00:00+00:00,2017-06-01 11:00:00+00:00,long,1.12435,1.1221400000000001,1.1298749999999995,922525.3795936401,1.1221400000000001,SL,-2057.231596493775,201820.87729368437,-1.0090497737557163
2017-06-12 01:00:00+00:00,2017-06-12 05:00:00+00:00,short,1.12049,1.12138,1.1182649999999998,2267650.3066704646,1.12138,SL,-2063.56177907055,199757.31551461382,-1.0224719101125053
2017-06-27 01:00:00+00:00,2017-06-27 08:00:00+00:00,long,1.1184,1.1174000000000002,1.1208999999999998,1997573.155146358,1.1208999999999998,TP,4953.981424762156,204711.29693937598,2.4799999999998668
2017-08-09 14:00:00+00:00,2017-08-09 17:00:00+00:00,short,1.17116,1.17519,1.161085,507968.47875775956,1.17519,SL,-2057.272338968982,202654.024600407,-1.0049627791563602
2017-08-22 06:00:00+00:00,2017-08-22 07:00:00+00:00,long,1.1802,1.1789800000000001,1.1832499999999992,1661098.5622987219,1.1789800000000001,SL,-2059.762217250262,200594.26238315672,-1.0163934426230612
2017-09-14 11:00:00+00:00,2017-09-14 11:00:00+00:00,short,1.19012,1.19103,1.1878450000000003,2204332.5536611443,1.1878450000000003,TP,4970.769908505162,205565.0322916619,2.478021978021711
2017-09-19 17:00:00+00:00,2017-09-20 18:00:00+00:00,long,1.19738,1.19546,1.2021800000000005,1070651.2098523255,1.19546,SL_and_TP_same_bar_assume_SL,-2077.063347113806,203487.96894454808,-1.0104166666667342
2017-09-21 13:00:00+00:00,2017-09-21 13:00:00+00:00,short,1.19163,1.19285,1.18858,1667934.1716766253,1.19285,SL,-2068.238372879232,201419.73057166886,-1.0163934426230583
2017-10-11 00:00:00+00:00,2017-10-11 02:00:00+00:00,long,1.18134,1.18038,1.1837400000000002,2098122.1934547266,1.18038,SL,-2056.159749586058,199363.5708220828,-1.0208333333334683
2017-10-18 09:00:00+00:00,2017-10-18 13:00:00+00:00,short,1.17455,1.1771699999999998,1.1680000000000004,760929.6596263153,1.1771699999999998,SL,-2008.854301413454,197354.71652066935,-1.00763358778631
2017-10-19 22:00:00+00:00,2017-10-20 01:00:00+00:00,long,1.18463,1.1836600000000002,1.187055,2034584.7063988305,1.1836600000000002,SL,-2014.2388593349367,195340.47766133441,-1.0206185567011679
2017-10-23 13:00:00+00:00,2017-10-23 13:00:00+00:00,short,1.17354,1.17478,1.1704400000000001,1575326.432752814,1.17478,SL,-1984.9113052686068,193355.5663560658,-1.0161290322581713
2017-11-10 20:00:00+00:00,2017-11-13 00:00:00+00:00,long,1.16665,1.16527,1.1700999999999997,1401127.2924353236,1.16527,SL,-1961.5782094095482,191393.98814665625,-1.014492753623284
2017-12-06 01:00:00+00:00,2017-12-06 03:00:00+00:00,short,1.18208,1.18367,1.178105,1203735.774507287,1.18367,SL,-1938.014596956866,189455.97354969938,-1.0125786163522839
2017-12-19 19:00:00+00:00,2017-12-20 15:00:00+00:00,long,1.18443,1.1822000000000001,1.190005,849578.3567251269,1.190005,TP,4719.407771607871,194175.38132130724,2.49103139013447
2018-01-10 05:00:00+00:00,2018-01-10 08:00:00+00:00,short,1.1936,1.1948699999999999,1.1904250000000003,1528940.0104041356,1.1948699999999999,SL,-1972.3326134213553,192203.0487078859,-1.0157480314961675
2018-01-12 16:00:00+00:00,2018-01-12 16:00:00+00:00,long,1.2148,1.2126700000000001,1.220125,902361.7310229533,1.2126700000000001,SL,-1940.0777216994366,190262.97098618647,-1.009389671361564
2018-02-07 01:00:00+00:00,2018-02-07 07:00:00+00:00,short,1.23865,1.23992,1.2354750000000003,1498133.6298126308,1.23992,SL,-1932.5923824583138,188330.37860372817,-1.0157480314961678
2018-02-15 06:00:00+00:00,2018-02-15 07:00:00+00:00,long,1.24656,1.24486,1.2508099999999995,1107825.7564926406,1.2508099999999995,TP,4686.102949963329,193016.4815536915,2.4882352941176338
2018-02-21 23:00:00+00:00,2018-02-22 09:00:00+00:00,short,1.22755,1.22915,1.22355,1206353.0097105373,1.22915,SL,-1954.2918757312837,191062.1896779602,-1.0125000000000814
2018-03-06 02:00:00+00:00,2018-03-06 06:00:00+00:00,long,1.23559,1.23427,1.23889,1447440.8308936513,1.23427,SL,-1939.5707133976648,189122.61896456254,-1.0151515151516146
2018-03-16 15:00:00+00:00,2018-03-19 10:00:00+00:00,short,1.22615,1.22966,1.2173750000000003,538810.880240934,1.22966,SL,-1902.0024072505148,187220.61655731202,-1.0056980056980431
2018-03-23 19:00:00+00:00,2018-03-25 21:00:00+00:00,long,1.23673,1.23495,1.2411800000000004,1051801.2166140445,1.23495,SL,-1893.2421899055387,185327.37436740648,-1.0112359550562526
2018-03-30 11:00:00+00:00,2018-04-02 11:00:00+00:00,short,1.23262,1.23348,1.2304700000000004,2154969.469388796,1.23348,SL,-1896.373133062123,183431.00123434435,-1.0232558139536445
2018-04-11 00:00:00+00:00,2018-04-11 12:00:00+00:00,long,1.23627,1.23512,1.239145,1595052.1846464942,1.239145,TP,4553.87398716547,187984.87522150984,2.4826086956520594
2018-04-23 01:00:00+00:00,2018-04-23 07:00:00+00:00,short,1.22707,1.2285,1.2234950000000007,1314579.5470037304,1.2285,SL,-1906.1403431553451,186078.7348783545,-1.0139860139861074
2018-05-15 08:00:00+00:00,2018-05-15 08:00:00+00:00,long,1.19229,1.19168,1.193815,3050471.063579585,1.19168,SL,-1921.7967700555364,184156.93810829896,-1.0327868852461164
2018-05-15 22:00:00+00:00,2018-05-16 07:00:00+00:00,short,1.18374,1.18486,1.18094,1644258.3759669405,1.18486,SL,-1874.4545486025438,182282.4835596964,-1.0178571428572596
2018-06-04 19:00:00+00:00,2018-06-05 04:00:00+00:00,long,1.16983,1.16869,1.1726799999999997,1598969.1540325386,1.16869,SL,-1854.8042186778246,180427.67934101858,-1.017543859649239
2018-06-15 00:00:00+00:00,2018-06-15 07:00:00+00:00,short,1.15629,1.1590099999999999,1.1494900000000006,663337.0564008441,1.1590099999999999,SL,-1817.5435345382896,178610.13580648028,-1.0073529411765192
2018-06-26 04:00:00+00:00,2018-06-26 06:00:00+00:00,long,1.17099,1.17033,1.1726399999999997,2706214.178886545,1.17033,SL,-1840.2256416428881,176769.91016483738,-1.0303030303032341
2018-06-28 18:00:00+00:00,2018-06-28 18:00:00+00:00,short,1.15831,1.15923,1.1560099999999998,1921412.0670090353,1.1560099999999998,TP,4380.819512780715,181150.7296776181,2.4782608695651964
2018-07-02 14:00:00+00:00,2018-07-03 06:00:00+00:00,long,1.1608,1.1590900000000002,1.1650749999999999,1059360.992266848,1.1650749999999999,TP,4507.581022095094,185658.31069971318,2.488304093567239
2018-07-13 11:00:00+00:00,2018-07-13 12:00:00+00:00,short,1.16241,1.16435,1.1575599999999997,957001.6015448873,1.16435,SL,-1875.723139028155,183782.58756068503,-1.0103092783505827
2018-07-24 02:00:00+00:00,2018-07-24 04:00:00+00:00,long,1.16974,1.16819,1.1736149999999999,1185694.1132947877,1.16819,SL,-1861.5397578729012,181921.04780281213,-1.0129032258065365
2018-07-29 22:00:00+00:00,2018-07-30 07:00:00+00:00,short,1.16579,1.1664999999999999,1.1640150000000007,2562268.2789136902,1.1664999999999999,SL,-1870.455843606731,180050.5919592054,-1.0281690140847008
2018-07-31 13:00:00+00:00,2018-07-31 13:00:00+00:00,long,1.17273,1.17202,1.174505,2535923.830411385,1.17202,SL,-1851.224396200614,178199.36756300478,-1.028169014084692
2018-08-02 13:00:00+00:00,2018-08-02 14:00:00+00:00,short,1.16263,1.16332,1.1609050000000005,2582599.529899154,1.1609050000000005,TP,4403.332198476512,182602.6997614813,2.4710144927532665
2018-08-21 18:00:00+00:00,2018-08-23 03:00:00+00:00,long,1.15921,1.15506,1.1695850000000003,440006.50544934213,1.15506,SL,-1834.8271277238575,180767.87263375742,-1.0048192771084652
2018-09-04 09:00:00+00:00,2018-09-04 14:00:00+00:00,short,1.15651,1.15771,1.1535099999999998,1506398.9386145324,1.1535099999999998,TP,4489.0688370712805,185256.9414708287,2.483333333333133
2018-09-13 17:00:00+00:00,2018-09-14 07:00:00+00:00,long,1.16783,1.16635,1.1715299999999997,1251736.0910191755,1.1715299999999997,TP,4606.38881495017,189863.33028577885,2.486486486486397
2018-09-28 09:00:00+00:00,2018-10-02 05:00:00+00:00,short,1.16138,1.16371,1.155555,814864.0784797574,1.155555,TP,4730.28597557486,194593.61626135372,2.4914163090128665
2018-10-12 04:00:00+00:00,2018-10-12 05:00:00+00:00,long,1.16026,1.15945,1.162285,2402390.3242143104,1.15945,SL,-1993.983969098138,192599.63229225558,-1.0246913580248538
2018-10-18 22:00:00+00:00,2018-10-19 05:00:00+00:00,short,1.14564,1.14638,1.14379,2602697.73367926,1.14638,SL,-1978.0502775964821,190621.5820146591,-1.0270270270272055
2018-11-05 19:00:00+00:00,2018-11-08 19:00:00+00:00,long,1.14217,1.13886,1.1504449999999997,575896.0181711888,1.13886,SL,-1917.7337405100905,188703.848274149,-1.0060422960725472
2018-11-12 02:00:00+00:00,2018-11-12 06:00:00+00:00,short,1.13247,1.13339,1.1301700000000006,2051128.785589,1.1301700000000006,TP,4676.573631141676,193380.42190529068,2.4782608695650703
2018-11-19 11:00:00+00:00,2018-11-19 15:00:00+00:00,long,1.14187,1.14104,1.1439449999999995,2329884.6012688815,1.1439449999999995,TP,4787.912855606326,198168.334760897,2.4759036144575366
2018-11-27 08:00:00+00:00,2018-11-28 17:00:00+00:00,short,1.13115,1.1348799999999999,1.1218250000000007,531282.3988228103,1.1348799999999999,SL,-1992.308995585496,196176.0257653115,-1.0053619302949417
2018-12-06 18:00:00+00:00,2018-12-07 05:00:00+00:00,long,1.13863,1.13667,1.14353,1000898.090639364,1.13667,SL,-1981.7782194660335,194194.24754584546,-1.01020408163272
2018-12-07 06:00:00+00:00,2018-12-07 13:00:00+00:00,long,1.13669,1.13598,1.138465,2735130.2471246286,1.138465,TP,4800.153583703589,198994.40112954905,2.471830985915464
2018-12-12 17:00:00+00:00,2018-12-12 18:00:00+00:00,short,1.13617,1.13783,1.1320199999999998,1198761.4525876488,1.13783,SL,-2013.9192403474008,196980.48188920165,-1.0120481927711633
2018-12-19 13:00:00+00:00,2018-12-19 19:00:00+00:00,long,1.14036,1.1389,1.1440100000000002,1349181.3828027355,1.1389,SL,-1996.7884465482482,194983.6934426534,-1.013698630137076
2019-01-03 14:00:00+00:00,2019-01-03 15:00:00+00:00,short,1.13654,1.13729,1.1346650000000005,2599782.57923605,1.13729,SL,-2001.8325860115958,192981.8608566418,-1.0266666666668482
2019-01-07 22:00:00+00:00,2019-01-08 01:00:00+00:00,long,1.1474,1.14662,1.14935,2474126.421238988,1.14662,SL,-1979.3011369915218,191002.55971965028,-1.0256410256411934
2019-01-16 09:00:00+00:00,2019-01-16 10:00:00+00:00,short,1.14214,1.14276,1.1405899999999998,3080686.4470908106,1.1405899999999998,TP,4713.450264049036,195716.0099836993,2.4677419354836627
2019-01-29 07:00:00+00:00,2019-01-29 12:00:00+00:00,long,1.14344,1.1426500000000002,1.1454149999999996,2477417.84789541,1.1426500000000002,SL,-2006.708456795226,193709.30152690408,-1.0253164556963734
2019-02-06 19:00:00+00:00,2019-02-07 11:00:00+00:00,short,1.1366,1.13817,1.1326750000000003,1233817.2071778513,1.1326750000000003,TP,4818.05619402902,198527.3577209331,2.487261146496801
2019-02-20 09:00:00+00:00,2019-02-20 11:00:00+00:00,long,1.13448,1.1330900000000002,1.1379549999999994,1428254.3720932696,1.1330900000000002,SL,-2013.8386646513834,196513.51905628172,-1.0143884892087296
2019-03-05 12:00:00+00:00,2019-03-05 15:00:00+00:00,short,1.13337,1.1339899999999998,1.1318200000000003,3169572.888005347,1.1318200000000003,TP,4849.446518646872,201362.9655749286,2.4677419354838306
2019-03-14 20:00:00+00:00,2019-03-15 03:00:00+00:00,long,1.13022,1.12925,1.1326449999999997,2075906.8615973832,1.1326449999999997,TP,4992.556002140765,206355.52157706936,2.4793814432987173
2019-03-26 01:00:00+00:00,2019-03-26 10:00:00+00:00,short,1.13177,1.13248,1.129995,2906415.7968601794,1.13248,SL,-2121.683531708278,204233.83804536107,-1.028169014084692
2019-04-09 10:00:00+00:00,2019-04-10 00:00:00+00:00,long,1.12741,1.12601,1.13091,1458813.1288953656,1.12601,SL,-2071.5146430317095,202162.32340232938,-1.0142857142858073
2019-04-19 12:00:00+00:00,2019-04-22 12:00:00+00:00,short,1.12453,1.12527,1.1226800000000001,2731923.2892208043,1.12527,SL,-2076.261699808068,200086.0617025213,-1.0270270270272055
2019-05-02 04:00:00+00:00,2019-05-02 06:00:00+00:00,long,1.12061,1.11954,1.1232850000000005,1869963.1934812868,1.11954,SL,-2038.259880895084,198047.80182162623,-1.018691588785167
2019-05-03 15:00:00+00:00,2019-05-03 16:00:00+00:00,short,1.11871,1.12005,1.1153600000000004,1477968.6703107574,1.12005,SL,-2010.037391622671,196037.76443000356,-1.0149253731344272
2019-05-07 09:00:00+00:00,2019-05-07 11:00:00+00:00,long,1.11963,1.1187,1.1219549999999996,2107932.9508605357,1.1187,SL,-2002.5363033175224,194035.22812668604,-1.0215053763442297
2019-05-16 20:00:00+00:00,2019-05-17 07:00:00+00:00,short,1.11769,1.11832,1.1161150000000002,3079924.2559795915,1.11832,SL,-2001.950766386856,192033.2773602992,-1.0317460317462444
2019-05-27 18:00:00+00:00,2019-05-28 01:00:00+00:00,long,1.11903,1.1184,1.1206049999999999,3048147.259687732,1.1184,SL,-1981.295718797146,190051.98164150206,-1.0317460317462444
2019-05-29 20:00:00+00:00,2019-05-30 00:00:00+00:00,short,1.11322,1.11407,1.1110950000000006,2235905.666371151,1.11407,SL,-1945.2379297427367,188106.74371175934,-1.0235294117648657
2019-06-04 01:00:00+00:00,2019-06-04 12:00:00+00:00,long,1.12502,1.12386,1.1279199999999996,1621609.859584373,1.12386,SL,-1913.4996343094933,186193.24407744984,-1.0172413793104602
2019-06-17 02:00:00+00:00,2019-06-17 06:00:00+00:00,short,1.12236,1.12297,1.120835,3052348.2635647543,1.120835,TP,4593.784136664551,190787.0282141144,2.4672131147538834
2019-06-21 18:00:00+00:00,2019-07-01 05:00:00+00:00,long,1.13615,1.1333600000000001,1.1431249999999995,683824.4738857519,1.1333600000000001,SL,-1921.5467716189487,188865.48144249545,-1.0071684587814094
2019-07-02 21:00:00+00:00,2019-07-03 01:00:00+00:00,short,1.12842,1.12947,1.125795,1798718.870880917,1.12947,SL,-1924.6291918428085,186940.85225065265,-1.0190476190477438
2019-07-15 07:00:00+00:00,2019-07-15 11:00:00+00:00,long,1.12748,1.12644,1.13008,1797508.194717935,1.12644,SL,-1905.3586864011206,185035.49356425152,-1.0192307692308964
2019-07-16 23:00:00+00:00,2019-07-17 09:00:00+00:00,short,1.12106,1.1218599999999999,1.1190600000000002,2312943.669553399,1.1218599999999999,SL,-1896.6138090338866,183138.87975521764,-1.0250000000001667
2019-08-06 06:00:00+00:00,2019-08-06 07:00:00+00:00,long,1.11971,1.11905,1.1213599999999997,2774831.5114431838,1.1213599999999997,TP,4522.975363651213,187661.85511886884,2.4696969696967654
2019-08-15 13:00:00+00:00,2019-08-15 14:00:00+00:00,short,1.11421,1.11604,1.109635,1025474.6181358964,1.109635,TP,4671.036885608869,192332.8920044777,2.4890710382512946
2019-08-27 20:00:00+00:00,2019-08-28 12:00:00+00:00,long,1.10898,1.10822,1.1108800000000003,2530695.9474270255,1.10822,SL,-1973.9428389936493,190358.94916548405,-1.0263157894738535
2019-08-28 13:00:00+00:00,2019-08-29 14:00:00+00:00,short,1.10816,1.1092199999999999,1.1055100000000004,1795839.1430708773,1.1092199999999999,SL,-1939.5062745164935,188419.44289096756,-1.0188679245284284
2019-09-09 17:00:00+00:00,2019-09-09 19:00:00+00:00,long,1.10597,1.1049600000000002,1.1084949999999991,1865539.0385249238,1.1049600000000002,SL,-1921.5052096804186,186497.93768128715,-1.0198019801981548
2019-09-18 15:00:00+00:00,2019-09-18 18:00:00+00:00,short,1.10606,1.10717,1.103285,1680161.600732401,1.103285,TP,4628.845210017497,191126.78289130464,2.481981981981963
2019-09-19 09:00:00+00:00,2019-09-19 15:00:00+00:00,long,1.10589,1.1045,1.109365,1375012.8265561461,1.1045,SL,-1938.7680854443495,189188.0148058603,-1.0143884892087274
2019-09-23 01:00:00+00:00,2019-09-23 07:00:00+00:00,short,1.1017,1.10258,1.0995,2149863.8046120685,1.0995,TP,4686.703094053984,193874.71789991428,2.4772727272725783
2019-10-04 16:00:00+00:00,2019-10-07 07:00:00+00:00,long,1.0973,1.09656,1.0991499999999998,2619928.620269243,1.09656,SL,-1991.145751404871,191883.5721485094,-1.0270270270272055
2019-10-28 19:00:00+00:00,2019-10-29 14:00:00+00:00,short,1.10976,1.1108099999999999,1.1071350000000006,1827462.5918909605,1.1108099999999999,SL,-1955.384973323153,189928.18717518626,-1.019047619047748
2019-10-31 14:00:00+00:00,2019-10-31 14:00:00+00:00,long,1.11483,1.11356,1.1180049999999997,1495497.5368126289,1.11356,SL,-1929.1918224883111,187998.99535269797,-1.0157480314961675
2019-11-06 10:00:00+00:00,2019-11-06 15:00:00+00:00,short,1.10914,1.10988,1.10729,2540526.9642257756,1.10729,TP,4649.164344532601,192648.15969723056,2.4729729729727947
2019-11-19 03:00:00+00:00,2019-11-20 08:00:00+00:00,long,1.10722,1.1063100000000001,1.109495,2117012.743925689,1.1063100000000001,SL,-1968.8218518510969,190679.33784537946,-1.021978021978167
2019-11-25 22:00:00+00:00,2019-11-26 10:00:00+00:00,short,1.10115,1.1020299999999998,1.0989500000000008,2166810.657334424,1.1020299999999998,SL,-1950.1295916007668,188729.2082537787,-1.0227272727274275
2019-12-03 15:00:00+00:00,2019-12-06 14:00:00+00:00,long,1.10822,1.10639,1.112795,1031307.1489277533,1.10639,SL,-1907.918225516477,186821.2900282622,-1.0109289617487054
2019-12-22 23:00:00+00:00,2019-12-23 08:00:00+00:00,short,1.10781,1.10873,1.1055099999999998,2030666.1959593017,1.10873,SL,-1908.8262242020744,184912.46380406013,-1.0217391304349244
2019-12-30 03:00:00+00:00,2019-12-30 13:00:00+00:00,long,1.12041,1.1185500000000002,1.1250599999999993,994153.0312047575,1.1185500000000002,SL,-1869.0076986648266,183043.4561053953,-1.010752688172115
2020-01-09 03:00:00+00:00,2020-01-10 10:00:00+00:00,short,1.11152,1.1125,1.10907,1867790.3684224375,1.10907,TP,4538.730595266396,187582.1867006617,2.479591836734673
2020-01-17 03:00:00+00:00,2020-01-17 09:00:00+00:00,long,1.11362,1.1130200000000001,1.11512,3126369.7783447057,1.1130200000000001,SL,-1938.3492625739207,185643.83743808776,-1.0333333333335555
2020-01-17 19:00:00+00:00,2020-01-20 06:00:00+00:00,short,1.10926,1.1100299999999999,1.107335,2410958.9277675697,1.1100299999999999,SL,-1904.657552936545,183739.1798851512,-1.0259740259741983
2020-02-03 19:00:00+00:00,2020-02-04 07:00:00+00:00,long,1.10616,1.10521,1.108535,1934096.63037,1.10521,SL,-1876.0737314591656,181863.10615369206,-1.021052631579085
2020-02-06 01:00:00+00:00,2020-02-06 08:00:00+00:00,short,1.09963,1.10065,1.0970800000000005,1782971.628958117,1.10065,SL,-1854.2904941163167,180008.81565957575,-1.0196078431373872
2020-02-25 20:00:00+00:00,2020-02-26 02:00:00+00:00,long,1.08814,1.08671,1.0917150000000002,1258802.9067102827,1.08671,SL,-1825.264214730128,178183.55144484562,-1.0139860139861052
2020-03-13 20:00:00+00:00,2020-03-13 20:00:00+00:00,short,1.11136,1.11211,1.1094849999999998,2375780.685931185,1.1094849999999998,TP,4407.073172402205,182590.62461724784,2.4733333333331595
2020-03-27 10:00:00+00:00,2020-03-27 12:00:00+00:00,long,1.10024,1.09873,1.1040150000000004,1209209.4345512122,1.09873,SL,-1850.0904348636611,180740.53418238417,-1.0132450331126686
2020-04-03 14:00:00+00:00,2020-04-03 14:00:00+00:00,short,1.07893,1.0804099999999999,1.0752300000000001,1221219.825556711,1.0804099999999999,SL,-1831.829738335136,178908.70444404904,-1.0135135135136026
2020-04-13 07:00:00+00:00,2020-04-13 08:00:00+00:00,long,1.09617,1.09275,1.10472,523124.8667954683,1.09275,SL,-1799.5495417764685,177109.15490227257,-1.0058479532164126
2020-04-17 14:00:00+00:00,2020-04-17 16:00:00+00:00,short,1.0886,1.08945,1.086475,2083637.1164972817,1.086475,TP,4386.056130226364,181495.21103249892,2.4764705882350095
2020-04-29 19:00:00+00:00,2020-04-30 00:00:00+00:00,long,1.08716,1.0856700000000001,1.0908849999999992,1218088.6646478323,1.0856700000000001,SL,-1839.3138836181054,179655.89714888082,-1.0134228187920362
2020-05-06 22:00:00+00:00,2020-05-07 03:00:00+00:00,short,1.07948,1.0803399999999999,1.0773300000000003,2089022.0598710452,1.0803399999999999,SL,-1838.3394126865028,177817.5577361943,-1.0232558139536445
2020-05-19 03:00:00+00:00,2020-05-19 06:00:00+00:00,long,1.09051,1.0899,1.092035,2915041.930101549,1.092035,TP,4387.138104802445,182204.69584099675,2.4672131147538834
2020-06-16 14:00:00+00:00,2020-06-19 14:00:00+00:00,short,1.127,1.13087,1.117325,470813.1675477904,1.117325,TP,4545.701132673902,186750.39697367066,2.494832041343636
2020-06-24 16:00:00+00:00,2020-06-24 19:00:00+00:00,long,1.12706,1.12544,1.1311099999999998,1152780.2282325672,1.12544,SL,-1890.5595743015092,184859.83739936916,-1.012345679012427
2020-06-26 08:00:00+00:00,2020-06-26 08:00:00+00:00,short,1.12252,1.12356,1.11992,1777498.4365325158,1.12356,SL,-1884.148342724575,182975.6890566446,-1.0192307692308966
2020-07-02 21:00:00+00:00,2020-07-03 04:00:00+00:00,long,1.12391,1.1230900000000001,1.1259599999999996,2231410.8421546896,1.1230900000000001,SL,-1874.385107409832,181101.30394923477,-1.024390243902604
2020-08-11 07:00:00+00:00,2020-08-11 08:00:00+00:00,short,1.17334,1.17624,1.1660900000000003,624487.2549973823,1.17624,SL,-1823.5027845923773,179277.80116464238,-1.0068965517241835
2020-08-14 14:00:00+00:00,2020-08-18 06:00:00+00:00,long,1.18348,1.18086,1.1900300000000001,684266.416658923,1.1900300000000001,TP,4468.259700782716,183746.0608654251,2.4923664122136486
2020-08-24 14:00:00+00:00,2020-08-27 13:00:00+00:00,short,1.18258,1.18509,1.176305,732056.0193841602,1.18509,SL,-1852.10172904203,181893.95913638306,-1.007968127490092
2020-08-31 02:00:00+00:00,2020-08-31 08:00:00+00:00,long,1.19082,1.18906,1.19522,1033488.4041840042,1.18906,SL,-1839.609359447646,180054.3497769354,-1.0113636363637108
2020-09-04 07:00:00+00:00,2020-09-04 08:00:00+00:00,short,1.18366,1.1858799999999998,1.1781100000000002,811055.6296258759,1.1858799999999998,SL,-1816.764610361978,178237.58516657344,-1.0090090090090684
2020-09-14 21:00:00+00:00,2020-09-15 03:00:00+00:00,long,1.18648,1.18547,1.1890049999999999,1764728.5660057557,1.1890049999999999,TP,4420.64505784399,182658.23022441744,2.4801980198018496
2020-09-17 22:00:00+00:00,2020-09-17 23:00:00+00:00,short,1.18448,1.18553,1.181855,1739602.192613507,1.18553,SL,-1861.3743460966723,180796.85587832076,-1.0190476190477438
2020-10-01 16:00:00+00:00,2020-10-02 02:00:00+00:00,long,1.17513,1.1727800000000002,1.1810049999999996,769348.3228865197,1.1727800000000002,SL,-1823.3555252410388,178973.50035307973,-1.0085106382979288
2020-10-15 06:00:00+00:00,2020-10-15 07:00:00+00:00,short,1.17547,1.17638,1.1731950000000002,1966741.7621218278,1.1731950000000002,TP,4435.00267358408,183408.5030266638,2.478021978021711
2020-10-20 23:00:00+00:00,2020-10-21 06:00:00+00:00,long,1.18279,1.1816200000000001,1.1857149999999996,1567594.0429630813,1.1857149999999996,TP,4553.860694806954,187962.36372147076,2.4829059829057747
2020-10-29 03:00:00+00:00,2020-10-29 11:00:00+00:00,short,1.17479,1.17642,1.170715,1153143.3357145302,1.170715,TP,4675.996226322328,192638.35994779307,2.4877300613496134
2020-11-06 06:00:00+00:00,2020-11-06 06:00:00+00:00,long,1.18143,1.18079,1.18303,3009974.3741843896,1.18303,TP,4755.759511211079,197394.11945900414,2.4687499999999676
2020-12-25 03:00:00+00:00,2020-12-25 03:00:00+00:00,short,1.21932,1.21992,1.2178200000000001,3289901.9909837646,1.21992,SL,-2039.7392344101477,195354.380224594,-1.0333333333335553
2020-12-25 04:00:00+00:00,2020-12-27 22:00:00+00:00,long,1.22006,1.21849,1.2239849999999994,1244295.4154433934,1.21849,SL,-1978.429710554971,193375.95051403902,-1.0127388535032695
2021-01-11 09:00:00+00:00,2021-01-11 13:00:00+00:00,short,1.21902,1.22058,1.21512,1239589.4263720405,1.21512,TP,4809.606974323373,198185.5574883624,2.4871794871794033
2021-01-24 22:00:00+00:00,2021-01-25 09:00:00+00:00,long,1.21688,1.216,1.21908,2252108.607822321,1.216,SL,-2026.8977470403656,196158.65974132202,-1.022727272727422
2021-01-28 10:00:00+00:00,2021-01-28 10:00:00+00:00,short,1.21087,1.2117099999999998,1.20877,2335222.139777777,1.2117099999999998,SL,-2008.2910402090818,194150.36870111292,-1.0238095238096812
2021-02-10 05:00:00+00:00,2021-02-10 09:00:00+00:00,long,1.21287,1.21201,1.2150199999999995,2257562.426757492,1.21201,SL,-1986.6549355465747,192163.71376556635,-1.0232558139536445
2021-02-18 17:00:00+00:00,2021-02-18 19:00:00+00:00,short,1.20773,1.20887,1.2048800000000002,1685646.611978772,1.20887,SL,-1955.3500698954597,190208.36369567088,-1.017543859649239
2021-02-22 17:00:00+00:00,2021-02-24 13:00:00+00:00,long,1.21548,1.21292,1.2218799999999996,743001.4206862447,1.21292,SL,-1916.9436653705313,188291.42003030036,-1.0078125000000515
2021-03-01 21:00:00+00:00,2021-03-02 02:00:00+00:00,short,1.20446,1.20543,1.2020350000000004,1941148.6601063586,1.2020350000000004,TP,4668.4625275549115,192959.88255785528,2.4793814432987173
2021-03-18 16:00:00+00:00,2021-03-18 18:00:00+00:00,long,1.1926,1.19094,1.1967500000000002,1162408.931071421,1.19094,SL,-1952.8470042001334,191007.03555365515,-1.0120481927711633
2021-03-22 12:00:00+00:00,2021-03-22 15:00:00+00:00,short,1.19277,1.19364,1.1905950000000003,2195483.1672835783,1.19364,SL,-1953.9800188825106,189053.05553477263,-1.022988505747279
2021-04-06 14:00:00+00:00,2021-04-07 08:00:00+00:00,long,1.18391,1.18201,1.18866,995016.0817619546,1.18866,TP,4706.426066733947,193759.4816015066,2.4894736842104574
2021-05-04 06:00:00+00:00,2021-05-04 07:00:00+00:00,short,1.20362,1.20467,1.2009949999999998,1845328.3962048327,1.2009949999999998,TP,4807.080472113531,198566.56207362012,2.480952380952362
2021-05-10 04:00:00+00:00,2021-05-10 07:00:00+00:00,long,1.21549,1.21449,1.2179899999999997,1985665.6207364202,1.21449,SL,-2025.37893315119,196541.18314046893,-1.0200000000001332
2021-05-28 18:00:00+00:00,2021-05-31 14:00:00+00:00,short,1.22019,1.22108,1.2179650000000004,2208327.900455116,1.22108,SL,-2009.5783894140811,194531.60475105484,-1.022471910112511
2021-06-01 23:00:00+00:00,2021-06-02 06:00:00+00:00,long,1.22147,1.2206000000000001,1.2236449999999999,2235995.456908866,1.2206000000000001,SL,-1990.035956649019,192541.56879440582,-1.0229885057472792
2021-06-03 15:00:00+00:00,2021-06-04 12:00:00+00:00,short,1.21382,1.2155799999999999,1.20942,1093986.1863318612,1.2155799999999999,SL,-1947.2954116708386,190594.27338273497,-1.0113636363637108
2021-07-13 03:00:00+00:00,2021-07-13 05:00:00+00:00,long,1.18733,1.1857,1.191405,1169290.0207529606,1.1857,SL,-1929.328534242562,188664.94484849242,-1.0122699386503868
2021-07-14 01:00:00+00:00,2021-07-14 02:00:00+00:00,short,1.17765,1.17844,1.1756750000000005,2388163.8588421405,1.17844,SL,-1934.4127256620798,186730.53212283034,-1.0253164556963732
2021-07-28 02:00:00+00:00,2021-07-28 06:00:00+00:00,long,1.1822,1.1808,1.1856999999999995,1333789.5151632207,1.1808,SL,-1893.9811115317425,184836.5510112986,-1.0142857142858093
2021-08-06 15:00:00+00:00,2021-08-11 06:00:00+00:00,short,1.17608,1.1781599999999999,1.1708800000000004,888637.2644774572,1.1708800000000004,TP,4603.1410299928,189439.69204129142,2.490384615384552
2021-08-25 03:00:00+00:00,2021-08-25 12:00:00+00:00,long,1.17374,1.17272,1.17629,1857251.882757721,1.17272,SL,-1931.541958068312,187508.1500832231,-1.019607843137383
2021-09-10 00:00:00+00:00,2021-09-10 02:00:00+00:00,short,1.1823,1.1831,1.1802999999999995,2343851.8760398966,1.1831,SL,-1921.9585383533363,185586.19154486977,-1.0250000000001598
2021-10-15 04:00:00+00:00,2021-10-15 08:00:00+00:00,long,1.16079,1.16015,1.1623899999999998,2899784.2428887086,1.16015,SL,-1913.857600306852,183672.3339445629,-1.031250000000206
2021-10-27 08:00:00+00:00,2021-10-27 12:00:00+00:00,short,1.16051,1.1619,1.157035,1321383.6974428964,1.1619,SL,-1863.1510133946601,181809.18293116824,-1.0143884892087274
2021-10-29 07:00:00+00:00,2021-10-29 08:00:00+00:00,long,1.16629,1.1652,1.1690150000000001,1667974.1553317646,1.1652,SL,-1851.4513124185362,179957.7316187497,-1.0183486238533306
2021-11-01 00:00:00+00:00,2021-11-01 08:00:00+00:00,short,1.15562,1.1568699999999998,1.1524950000000007,1439661.852950284,1.1568699999999998,SL,-1828.3705532466913,178129.361065503,-1.016000000000108
2021-11-30 12:00:00+00:00,2021-11-30 13:00:00+00:00,long,1.13474,1.1338000000000001,1.13709,1894993.2028246194,1.13709,TP,4415.334162580834,182544.69522808384,2.4787234042551782
2021-12-08 09:00:00+00:00,2021-12-08 10:00:00+00:00,short,1.12834,1.1299599999999999,1.12429,1126819.1063462282,1.1299599999999999,SL,-1847.983334407911,180696.71189367594,-1.012345679012427
2021-12-08 20:00:00+00:00,2021-12-09 00:00:00+00:00,long,1.13494,1.13392,1.1374900000000001,1771536.3911144338,1.13392,SL,-1842.3978467592801,178854.31404691667,-1.019607843137383
2021-12-13 12:00:00+00:00,2021-12-13 12:00:00+00:00,short,1.12741,1.12856,1.124535,1555254.9047558182,1.12856,SL,-1819.6482385644867,177034.66580835218,-1.0173913043479401
2021-12-17 09:00:00+00:00,2021-12-17 11:00:00+00:00,long,1.13357,1.13117,1.13957,737644.4408681471,1.13117,SL,-1785.0995469009813,175249.5662614512,-1.008333333333388
2021-12-21 03:00:00+00:00,2021-12-21 07:00:00+00:00,short,1.12863,1.12929,1.1269800000000003,2655296.4585073073,1.12929,SL,-1805.601591785006,173443.9646696662,-1.0303030303032341
2021-12-23 04:00:00+00:00,2021-12-23 07:00:00+00:00,long,1.13386,1.1332,1.1355100000000005,2627938.858630888,1.1332,SL,-1786.998423869624,171656.96624579656,-1.030303030303224
2022-01-05 04:00:00+00:00,2022-01-05 08:00:00+00:00,short,1.12956,1.1302699999999999,1.1277849999999998,2417703.7499408363,1.1302699999999999,SL,-1764.9237374570994,169892.04250833945,-1.0281690140846922
2022-01-10 20:00:00+00:00,2022-01-11 08:00:00+00:00,long,1.13231,1.1313900000000001,1.1346099999999995,1846652.6359605931,1.1346099999999995,TP,4210.3680099890325,174102.41051832848,2.4782608695650703
2022-01-19 21:00:00+00:00,2022-01-20 01:00:00+00:00,short,1.13454,1.1360599999999998,1.1307400000000007,1145410.5955155122,1.1360599999999998,SL,-1763.9323170937453,172338.47820123474,-1.0131578947369304
2022-02-03 03:00:00+00:00,2022-02-03 06:00:00+00:00,long,1.1299,1.12914,1.1317999999999997,2267611.5552797867,1.12914,SL,-1768.7370131182402,170569.7411881165,-1.026315789473861
2022-02-15 00:00:00+00:00,2022-02-15 01:00:00+00:00,short,1.13057,1.1313499999999999,1.1286200000000006,2186791.5536944154,1.1313499999999999,SL,-1749.4332429553397,168820.30794516116,-1.0256410256412007
2022-03-16 23:00:00+00:00,2022-03-17 08:00:00+00:00,long,1.1018,1.10016,1.1058999999999997,1029392.1216169217,1.1058999999999997,TP,4199.91985619667,173020.22780135783,2.487804878048767
2022-03-24 04:00:00+00:00,2022-03-24 08:00:00+00:00,short,1.0985,1.0997299999999999,1.0954250000000005,1406668.5187104065,1.0997299999999999,SL,-1758.3356483879707,171261.89215296987,-1.0162601626017347
2022-03-24 22:00:00+00:00,2022-03-25 01:00:00+00:00,long,1.0997,1.09888,1.1017499999999996,2088559.660402528,1.1017499999999996,TP,4239.776110616155,175501.66826358603,2.4756097560975316
2022-03-25 07:00:00+00:00,2022-03-25 09:00:00+00:00,short,1.10276,1.10348,1.1009599999999997,2437523.1703274013,1.1009599999999997,TP,4338.791243183054,179840.45950676908,2.472222222222196
2022-03-30 08:00:00+00:00,2022-03-31 01:00:00+00:00,long,1.11281,1.11061,1.1183100000000001,817456.6341216852,1.1183100000000001,TP,4479.662354986777,184320.12186175585,2.490909090909082
2022-04-05 03:00:00+00:00,2022-04-05 06:00:00+00:00,short,1.0969,1.09789,1.0944249999999998,1861819.4127449212,1.09789,SL,-1880.4376068727006,182439.68425488315,-1.0202020202021516
2022-04-22 08:00:00+00:00,2022-04-22 08:00:00+00:00,long,1.0807,1.07968,1.08325,1788624.3554399943,1.07968,SL,-1860.1693296578658,180579.5149252253,-1.019607843137383
2022-04-25 03:00:00+00:00,2022-04-25 06:00:00+00:00,short,1.07813,1.07948,1.0747550000000001,1337626.0364831877,1.0747550000000001,TP,4487.735352400793,185067.2502776261,2.4851851851850877
2022-05-11 11:00:00+00:00,2022-05-11 12:00:00+00:00,long,1.05462,1.0539,1.0564199999999995,2570378.4760787403,1.0539,SL,-1902.0800722981726,183165.17020532792,-1.0277777777779662
2022-05-12 10:00:00+00:00,2022-05-12 16:00:00+00:00,short,1.04271,1.0452,1.0364850000000003,735603.0931941231,1.0364850000000003,TP,4564.417193269219,187729.58739859713,2.4919678714858904
2022-05-19 09:00:00+00:00,2022-05-19 13:00:00+00:00,long,1.04962,1.04736,1.0552699999999997,830661.8911442613,1.0552699999999997,TP,4676.626447141843,192406.21384573897,2.491150442477769
2022-06-07 13:00:00+00:00,2022-06-07 13:00:00+00:00,short,1.06554,1.06788,1.0596899999999998,822248.7771185396,1.06788,SL,-1940.5071139998684,190465.7067317391,-1.0085470085470647
2022-06-22 15:00:00+00:00,2022-06-23 07:00:00+00:00,long,1.05971,1.0546200000000001,1.0724349999999996,374195.8874886954,1.0546200000000001,SL,-1912.140985067214,188553.5657466719,-1.0039292730845053
2022-06-30 05:00:00+00:00,2022-06-30 06:00:00+00:00,short,1.04533,1.04632,1.0428550000000005,1904581.4721889428,1.04632,SL,-1923.6272869107472,186629.93845976115,-1.020202020202156
2022-07-19 16:00:00+00:00,2022-07-19 19:00:00+00:00,long,1.02386,1.0225,1.02726,1372278.9592629217,1.0225,SL,-1893.74496378305,184736.1934959781,-1.0147058823530373
2022-07-28 16:00:00+00:00,2022-07-28 19:00:00+00:00,short,1.01651,1.01771,1.0135100000000004,1539468.2791333206,1.01771,SL,-1878.1513005426493,182858.04219543547,-1.0166666666667776
2022-07-29 12:00:00+00:00,2022-07-29 12:00:00+00:00,long,1.0209,1.01994,1.0232999999999994,1904771.2728694174,1.01994,SL,-1866.6758474119927,180991.36634802347,-1.0208333333334731
2022-08-04 08:00:00+00:00,2022-08-04 08:00:00+00:00,short,1.01787,1.01922,1.0144950000000001,1340676.7877631742,1.01922,SL,-1836.7271992356739,179154.6391487878,-1.0148148148149123
2022-08-08 07:00:00+00:00,2022-08-08 07:00:00+00:00,long,1.01777,1.01652,1.0208949999999999,1433237.113190333,1.0208949999999999,TP,4450.201236455541,183604.84038524335,2.483999999999806
2022-08-16 13:00:00+00:00,2022-08-16 13:00:00+00:00,short,1.01436,1.0152299999999999,1.0121850000000001,2110400.4641983784,1.0152299999999999,SL,-1878.256413136678,181726.5839721067,-1.0229885057472792
2022-08-31 22:00:00+00:00,2022-08-31 23:00:00+00:00,long,1.00498,1.0042200000000001,1.0068799999999998,2391139.2627912806,1.0042200000000001,SL,-1865.0886249772059,179861.49534712947,-1.026315789473861
2022-09-05 05:00:00+00:00,2022-09-05 07:00:00+00:00,short,0.99051,0.99194,0.9869349999999999,1257772.6947351338,0.99194,SL,-1823.7704073658829,178037.72493976358,-1.01398601398595
2022-09-09 10:00:00+00:00,2022-09-09 11:00:00+00:00,long,1.00869,1.0070000000000001,1.012915,1053477.662365484,1.0070000000000001,SL,-1801.4468026450834,176236.2781371185,-1.011834319526705
2022-09-15 22:00:00+00:00,2022-09-16 00:00:00+00:00,short,0.99953,1.00044,0.9972550000000001,1936662.3971112638,1.00044,SL,-1801.096029313449,174435.18210780504,-1.0219780219780448
2022-10-03 19:00:00+00:00,2022-10-04 10:00:00+00:00,long,0.98168,0.9783,0.9901300000000002,516080.4204372855,0.9901300000000002,TP,4350.557944286456,178785.7400520915,2.49408284023673
2022-10-10 21:00:00+00:00,2022-10-11 00:00:00+00:00,short,0.97009,0.9713200000000001,0.9670149999999998,1453542.6020494485,0.9713200000000001,SL,-1816.9282525617718,176968.81179952974,-1.016260162601551
2022-10-18 17:00:00+00:00,2022-10-19 06:00:00+00:00,long,0.98558,0.9831099999999999,0.9917550000000002,716472.9222652785,0.9831099999999999,SL,-1784.017576440538,175184.7942230892,-1.0080971659918658
2022-11-02 17:00:00+00:00,2022-11-02 17:00:00+00:00,short,0.98672,0.98823,0.982945,1160164.2001529,0.98823,SL,-1775.0512262338445,173409.74299685538,-1.0132450331125225
2022-11-08 12:00:00+00:00,2022-11-08 15:00:00+00:00,long,0.99982,0.99835,1.0034950000000002,1179658.1156248006,1.0034950000000002,TP,4311.650412608866,177721.39340946425,2.486394557823117
2022-11-23 13:00:00+00:00,2022-11-23 13:00:00+00:00,short,1.03229,1.03354,1.0291649999999999,1421771.1472757445,1.03354,SL,-1805.6493570403438,175915.7440524239,-1.0160000000001053
2022-11-23 19:00:00+00:00,2022-11-24 02:00:00+00:00,long,1.03744,1.0353100000000002,1.0427649999999993,825895.5119833105,1.0427649999999993,TP,4381.375691070823,180297.11974349472,2.4906103286384353
2022-12-26 19:00:00+00:00,2022-12-26 23:00:00+00:00,short,1.06282,1.0637299999999998,1.0605450000000007,1981287.0301488503,1.0637299999999998,SL,-1842.596938038184,178454.52280545654,-1.0219780219781722
2022-12-27 06:00:00+00:00,2022-12-27 12:00:00+00:00,long,1.06553,1.06365,1.0702300000000005,949226.1851353546,1.06365,SL,-1803.5297517573968,176650.99305369915,-1.0106382978724096
2023-01-04 07:00:00+00:00,2023-01-04 07:00:00+00:00,short,1.05698,1.05809,1.054205,1591450.3878712433,1.05809,SL,-1798.338938294625,174852.65411540453,-1.018018018018137
2023-01-10 07:00:00+00:00,2023-01-10 12:00:00+00:00,long,1.0734,1.07202,1.0768499999999999,1267048.2182276272,1.07202,SL,-1773.8675055187641,173078.78660988575,-1.0144927536232842
2023-02-06 14:00:00+00:00,2023-02-07 13:00:00+00:00,short,1.07579,1.07836,1.0693650000000001,673458.3136571532,1.0693650000000001,TP,4313.500498973913,177392.28710885966,2.492217898832634
2023-03-03 10:00:00+00:00,2023-03-03 10:00:00+00:00,long,1.06097,1.06014,1.0630449999999998,2137256.4711913727,1.06014,SL,-1816.668000512704,175575.61910834696,-1.02409638554233
2023-03-08 23:00:00+00:00,2023-03-09 00:00:00+00:00,short,1.05422,1.0550899999999999,1.0520450000000001,2018110.564463929,1.0550899999999999,SL,-1796.1184023730127,173779.50070597394,-1.022988505747279
2023-03-13 09:00:00+00:00,2023-03-13 09:00:00+00:00,long,1.07073,1.0697800000000002,1.0731049999999995,1829257.902168562,1.0697800000000002,SL,-1774.3801651033502,172005.1205408706,-1.02105263157909
2023-03-17 09:00:00+00:00,2023-03-17 18:00:00+00:00,short,1.06524,1.06759,1.0593649999999997,731936.6831526178,1.06759,SL,-1734.6899390718543,170270.43060179873,-1.0085106382979279
2023-03-20 12:00:00+00:00,2023-03-21 11:00:00+00:00,long,1.07071,1.06826,1.0768350000000002,694981.349395079,1.0768350000000002,TP,4242.8611380569755,174513.2917398557,2.491836734693824
2023-05-02 16:00:00+00:00,2023-05-02 17:00:00+00:00,short,1.09964,1.10035,1.097865,2457933.6864768807,1.10035,SL,-1794.2915911284165,172719.00014872727,-1.028169014084692
2023-05-03 18:00:00+00:00,2023-05-03 18:00:00+00:00,long,1.10492,1.10356,1.1083199999999995,1269992.6481525877,1.1083199999999995,TP,4292.575150755105,177011.57529948239,2.4852941176470424
2023-05-09 11:00:00+00:00,2023-05-09 12:00:00+00:00,short,1.09797,1.09901,1.0953699999999995,1702034.3778793898,1.0953699999999995,TP,4391.248694929249,181402.82399441162,2.4807692307691074
2023-06-09 01:00:00+00:00,2023-06-09 04:00:00+00:00,long,1.07819,1.0775400000000002,1.0798149999999995,2790812.6768378858,1.0775400000000002,SL,-1869.8444934812394,179532.97950093038,-1.030769230769441
2023-06-29 19:00:00+00:00,2023-06-30 08:00:00+00:00,short,1.0867,1.0878599999999998,1.0838000000000005,1547698.0991461813,1.0838000000000005,TP,4457.370525539961,183990.35002647035,2.482758620689444
2023-07-10 11:00:00+00:00,2023-07-10 12:00:00+00:00,long,1.09593,1.09485,1.09863,1703614.3520969953,1.09485,SL,-1873.9757873068668,182116.37423916347,-1.0185185185186405
2023-07-24 12:00:00+00:00,2023-07-25 08:00:00+00:00,short,1.10973,1.11151,1.1052800000000005,1023125.6979728901,1.1052800000000005,TP,4532.446842019382,186648.82108118286,2.4887640449436836
2023-08-11 03:00:00+00:00,2023-08-11 09:00:00+00:00,long,1.09885,1.09798,1.1010250000000004,2145388.748059207,1.09798,SL,-1909.395985773294,184739.42509540956,-1.0229885057472732
2023-08-14 09:00:00+00:00,2023-08-14 13:00:00+00:00,short,1.09463,1.0966,1.089705,937763.5791645026,1.089705,TP,4599.730355801827,189339.15545121138,2.489847715735974
2023-08-31 00:00:00+00:00,2023-08-31 03:00:00+00:00,long,1.09292,1.0920400000000001,1.0951199999999992,2151581.3119461467,1.0920400000000001,SL,-1936.4231807513188,187402.73227046005,-1.0227272727274277
2023-09-04 07:00:00+00:00,2023-09-04 07:00:00+00:00,short,1.07901,1.08001,1.0765100000000003,1874027.322704807,1.08001,SL,-1911.5078691589422,185491.22440130112,-1.0200000000001332
2023-10-09 12:00:00+00:00,2023-10-09 13:00:00+00:00,long,1.05281,1.0520800000000001,1.0546349999999998,2540975.67673051,1.0546349999999998,TP,4586.4610964975855,190077.6854977987,2.4726027397258443
2023-10-16 19:00:00+00:00,2023-10-16 19:00:00+00:00,short,1.0554,1.05625,1.0532749999999997,2236208.064679939,1.05625,SL,-1945.5010162718786,188132.1844815268,-1.0235294117648595
2023-10-23 02:00:00+00:00,2023-10-23 02:00:00+00:00,long,1.05834,1.0575700000000001,1.0602649999999998,2443275.1231369106,1.0575700000000001,SL,-1930.1873472783266,186201.9971342485,-1.0259740259741983
2023-10-27 02:00:00+00:00,2023-10-27 05:00:00+00:00,short,1.05589,1.0568199999999999,1.0535650000000003,2002172.0121964887,1.0568199999999999,SL,-1902.0634115866771,184299.9337226618,-1.0215053763442299
2023-10-31 09:00:00+00:00,2023-10-31 13:00:00+00:00,long,1.06452,1.06094,1.0734699999999997,514804.28414152545,1.06094,SL,-1853.2954229095162,182446.6382997523,-1.0055865921788079
2023-11-02 22:00:00+00:00,2023-11-03 05:00:00+00:00,short,1.06207,1.06304,1.0596450000000002,1880893.178348126,1.06304,SL,-1862.084246564732,180584.55405318754,-1.0206185567011679
2023-11-03 07:00:00+00:00,2023-11-03 08:00:00+00:00,long,1.0631,1.06219,1.065375,1984445.6489362002,1.06219,SL,-1845.5344535108595,178739.01959967669,-1.0219780219781667
2023-12-01 20:00:00+00:00,2023-12-04 15:00:00+00:00,short,1.08721,1.08985,1.08061,677041.7409078724,1.08061,TP,4454.934655173671,183193.95425485037,2.4924242424241925
2023-12-14 14:00:00+00:00,2023-12-15 18:00:00+00:00,long,1.09438,1.09002,1.1052799999999996,420169.619850582,1.09002,SL,-1840.3429349455703,181353.6113199048,-1.0045871559633328
2024-01-03 13:00:00+00:00,2024-01-03 15:00:00+00:00,short,1.09168,1.0937999999999999,1.0863800000000001,855441.56282978,1.0937999999999999,SL,-1830.6449444557556,179522.96637544903,-1.0094339622642132
2024-01-15 02:00:00+00:00,2024-01-15 09:00:00+00:00,long,1.09548,1.09434,1.0983299999999998,1574762.8629426474,1.09434,SL,-1826.7249210135496,177696.24145443548,-1.017543859649239
2024-01-16 11:00:00+00:00,2024-01-16 13:00:00+00:00,short,1.08811,1.0895299999999999,1.08456,1251381.9820735098,1.0895299999999999,SL,-1801.990054185989,175894.2514002495,-1.014084507042346
2024-02-19 08:00:00+00:00,2024-02-19 09:00:00+00:00,long,1.0783,1.07753,1.080225,2284340.927276153,1.07753,SL,-1804.6293325483173,174089.62206770116,-1.0259740259741983
2024-03-18 08:00:00+00:00,2024-03-18 11:00:00+00:00,short,1.08922,1.09025,1.0866450000000003,1690190.5055118843,1.09025,SL,-1774.7000307874707,172314.9220369137,-1.019417475728285
2024-04-04 22:00:00+00:00,2024-04-05 01:00:00+00:00,long,1.0838,1.08267,1.0866250000000002,1524910.81448586,1.08267,SL,-1753.647436659054,170561.27460025463,-1.0176991150443626
2024-04-11 16:00:00+00:00,2024-04-11 17:00:00+00:00,short,1.07212,1.07273,1.070595,2796086.468856636,1.07273,SL,-1761.5344753800455,168799.74012487457,-1.0327868852461164
2024-04-24 15:00:00+00:00,2024-04-25 04:00:00+00:00,long,1.0688,1.06796,1.0709,2009520.7157724313,1.0709,TP,4179.803088806375,172979.54321368094,2.4761904761904505
2024-05-24 07:00:00+00:00,2024-05-24 07:00:00+00:00,short,1.08129,1.0824,1.0785150000000003,1558374.263186393,1.0824,SL,-1760.9629174007416,171218.5802962802,-1.018018018018137
2024-05-28 10:00:00+00:00,2024-05-28 14:00:00+00:00,long,1.08769,1.08612,1.0916150000000002,1090564.2057087417,1.08612,SL,-1733.9970870771199,169484.5832092031,-1.0127388535032675
2024-05-29 23:00:00+00:00,2024-05-30 07:00:00+00:00,short,1.0801,1.0809499999999999,1.0779750000000006,1993936.273049928,1.0809499999999999,SL,-1734.7245575532907,167749.8586516498,-1.0235294117648657
2024-06-03 20:00:00+00:00,2024-06-04 07:00:00+00:00,long,1.08998,1.089,1.0924299999999998,1711733.2515474802,1.089,SL,-1711.733251547672,166038.12540010212,-1.0204081632654403
2024-06-10 07:00:00+00:00,2024-06-10 07:00:00+00:00,short,1.07517,1.07646,1.071945,1287117.251163569,1.07646,SL,-1686.1235990244613,164352.00180107765,-1.0155038759690937
2024-07-01 16:00:00+00:00,2024-07-02 07:00:00+00:00,long,1.07272,1.0713700000000002,1.0760949999999991,1217422.2355637723,1.0713700000000002,SL,-1667.8684627222112,162684.13333835543,-1.0148148148149145
2024-07-23 20:00:00+00:00,2024-07-24 07:00:00+00:00,short,1.08508,1.08584,1.0831800000000005,2140580.701820827,1.0831800000000005,TP,4024.2917194219513,166708.42505777738,2.473684210525993
2024-08-05 11:00:00+00:00,2024-08-05 12:00:00+00:00,long,1.09483,1.0927,1.100155,782668.6622430991,1.100155,TP,4152.057253199557,170860.48231097695,2.4906103286384877
2024-08-30 11:00:00+00:00,2024-08-30 16:00:00+00:00,short,1.10792,1.10903,1.1051450000000003,1539283.624423293,1.1051450000000003,TP,4240.726385285585,175101.20869626253,2.481981981981763
2024-09-16 08:00:00+00:00,2024-09-17 08:00:00+00:00,long,1.11149,1.1103500000000002,1.1143399999999999,1535975.5148796053,1.1143399999999999,TP,4346.81070710877,179448.0194033713,2.482456140350761
2024-10-01 18:00:00+00:00,2024-10-01 18:00:00+00:00,short,1.10624,1.1071,1.1040899999999998,2086604.8767831859,1.1071,SL,-1836.21229156965,177611.80711180164,-1.0232558139536385
2024-10-31 01:00:00+00:00,2024-10-31 01:00:00+00:00,long,1.08533,1.0847,1.0869049999999998,2819235.0335210706,1.0847,SL,-1832.502771788807,175779.30434001284,-1.0317460317462441
2024-11-07 02:00:00+00:00,2024-11-07 02:00:00+00:00,short,1.07176,1.0734599999999999,1.0675100000000004,1033995.9078825423,1.0734599999999999,SL,-1778.4729615579147,174000.83137845492,-1.0117647058824313
2024-11-28 20:00:00+00:00,2024-11-29 06:00:00+00:00,long,1.05566,1.0548,1.0578100000000004,2023265.4811446297,1.0578100000000004,TP,4309.55547483844,178310.38685329337,2.4767441860464907
2024-12-04 02:00:00+00:00,2024-12-04 05:00:00+00:00,short,1.05061,1.05185,1.0475100000000004,1437986.9907524728,1.05185,SL,-1811.8636083481715,176498.5232449452,-1.0161290322581713
2024-12-05 10:00:00+00:00,2024-12-05 13:00:00+00:00,long,1.05283,1.05153,1.0560799999999997,1357680.9480381894,1.0560799999999997,TP,4385.309462162839,180883.83270710803,2.484615384615368
2024-12-11 17:00:00+00:00,2024-12-11 19:00:00+00:00,short,1.05079,1.05179,1.0482899999999997,1808838.327070878,1.0482899999999997,TP,4485.919051135846,185369.75175824386,2.47999999999976
2025-01-20 18:00:00+00:00,2025-01-21 09:00:00+00:00,long,1.03853,1.03474,1.0480049999999999,489102.2473832343,1.03474,SL,-1863.4795625301674,183506.27219571368,-1.005277044854916
2025-01-31 15:00:00+00:00,2025-01-31 15:00:00+00:00,short,1.03686,1.0388499999999998,1.031885,922142.0713352741,1.0388499999999998,SL,-1853.5055633839631,181652.76663232973,-1.0100502512563476
2025-02-13 09:00:00+00:00,2025-02-13 11:00:00+00:00,long,1.04134,1.04041,1.0436649999999996,1953255.555186603,1.04041,SL,-1855.5927774272852,179797.17385490244,-1.0215053763442297
2025-02-28 05:00:00+00:00,2025-02-28 07:00:00+00:00,short,1.03866,1.0396699999999999,1.036135,1780170.0381674296,1.0396699999999999,SL,-1833.5751393126063,177963.59871558985,-1.0198019801981504
2025-03-04 22:00:00+00:00,2025-03-05 03:00:00+00:00,long,1.06254,1.0602200000000002,1.0683399999999996,767084.4772224105,1.0602200000000002,SL,-1794.9776767004473,176168.6210388894,-1.0086206896552294
2025-03-21 11:00:00+00:00,2025-03-21 11:00:00+00:00,short,1.08367,1.0844699999999998,1.0816700000000001,2202107.76298636,1.0844699999999998,SL,-1805.7283656489099,174362.89267324048,-1.0250000000001664
2025-04-03 02:00:00+00:00,2025-04-03 08:00:00+00:00,long,1.09127,1.08803,1.0993699999999997,538157.0761519918,1.0993699999999997,TP,4348.309175307902,178711.20184854837,2.4938271604937863
2025-04-25 01:00:00+00:00,2025-04-25 14:00:00+00:00,short,1.13472,1.13785,1.1268949999999998,570962.30622538,1.13785,SL,-1798.531264610066,176912.6705839383,-1.006389776357869
2025-05-20 23:00:00+00:00,2025-05-21 00:00:00+00:00,long,1.12808,1.12741,1.1297549999999998,2640487.620655999,1.1297549999999998,TP,4370.007012184992,181282.6775961233,2.4701492537311456
2025-06-23 04:00:00+00:00,2025-06-23 05:00:00+00:00,short,1.14937,1.1509399999999999,1.1454450000000005,1154666.736281151,1.1509399999999999,SL,-1835.9201106870073,179446.7574854363,-1.0127388535032693
2025-06-23 18:00:00+00:00,2025-06-25 18:00:00+00:00,long,1.1569,1.15345,1.165525,520135.5289433008,1.165525,TP,4475.766226556974,183922.52371199327,2.4942028985506868
2025-07-09 07:00:00+00:00,2025-07-09 07:00:00+00:00,short,1.1726,1.17344,1.1705,2189553.853714331,1.1705,TP,4554.272015725502,188476.79572771877,2.4761904761904514
2025-07-22 19:00:00+00:00,2025-07-23 00:00:00+00:00,long,1.17477,1.17357,1.1777700000000002,1570639.9643975387,1.17357,SL,-1916.1807565653442,186560.6149711534,-1.0166666666667745
2025-07-29 13:00:00+00:00,2025-07-29 14:00:00+00:00,short,1.15247,1.1547999999999998,1.1466450000000008,800689.3346402391,1.1547999999999998,SL,-1881.6199364044437,184678.99503474898,-1.0085836909871817
2025-08-07 06:00:00+00:00,2025-08-07 10:00:00+00:00,long,1.16751,1.16621,1.1707600000000002,1420607.6541133674,1.16621,SL,-1875.2021034299432,182803.79293131904,-1.0153846153847153
2025-08-20 17:00:00+00:00,2025-08-20 17:00:00+00:00,short,1.16597,1.1667699999999999,1.1639700000000002,2285047.41164174,1.1667699999999999,SL,-1873.7388775463246,180930.0540537727,-1.0250000000001664
2025-08-26 23:00:00+00:00,2025-08-27 00:00:00+00:00,long,1.16428,1.16348,1.1662799999999998,2261625.6756724077,1.16348,SL,-1854.5330540514715,179075.52099972122,-1.0250000000001664
2025-08-27 04:00:00+00:00,2025-08-27 08:00:00+00:00,short,1.16251,1.16388,1.1590849999999997,1307120.591238752,1.1590849999999997,TP,4450.745613168085,183526.2666128893,2.4854014598539202
2025-08-31 21:00:00+00:00,2025-09-02 07:00:00+00:00,long,1.16935,1.16745,1.1740999999999993,965927.7190153132,1.16745,SL,-1854.5812205093257,181671.68539237996,-1.0105263157895437
2025-09-04 09:00:00+00:00,2025-09-04 12:00:00+00:00,short,1.16571,1.1665299999999998,1.1636600000000006,2215508.358444142,1.1636600000000006,TP,4497.48196764008,186169.16736002004,2.4756097560972607
2025-09-05 17:00:00+00:00,2025-09-05 17:00:00+00:00,long,1.17387,1.17304,1.1759449999999996,2243002.016386091,1.17304,SL,-1906.5517139282163,184262.61564609184,-1.02409638554233
2025-09-25 13:00:00+00:00,2025-09-29 13:00:00+00:00,short,1.16981,1.17515,1.1564600000000003,345061.0779889425,1.17515,SL,-1849.5273780207426,182413.0882680711,-1.0037453183520846
2025-10-17 01:00:00+00:00,2025-10-17 10:00:00+00:00,long,1.17065,1.1689100000000001,1.1749999999999996,1048351.0820004974,1.1689100000000001,SL,-1845.0979043208583,180567.99036375023,-1.0114942528736395
2025-10-22 20:00:00+00:00,2025-10-23 14:00:00+00:00,short,1.16056,1.16171,1.157685,1570156.4379456756,1.16171,SL,-1837.0830323966215,178730.9073313536,-1.0173913043479403
2025-10-28 06:00:00+00:00,2025-10-28 06:00:00+00:00,long,1.16635,1.16567,1.16805,2628395.696049264,1.16567,SL,-1839.876987234866,176891.03034411874,-1.0294117647060745
2025-10-30 14:00:00+00:00,2025-10-30 14:00:00+00:00,short,1.15794,1.15854,1.1564400000000001,2948183.83906897,1.15854,SL,-1827.873980222953,175063.1563638958,-1.0333333333335553
2025-11-11 13:00:00+00:00,2025-11-11 13:00:00+00:00,long,1.15705,1.1562400000000002,1.1590749999999992,2161273.535357391,1.1590749999999992,TP,4333.353438389724,179396.50980228552,2.475308641975002
2025-11-20 03:00:00+00:00,2025-11-20 10:00:00+00:00,short,1.15198,1.15295,1.1495550000000003,1849448.5546628986,1.15295,SL,-1830.9540691163554,177565.55573316917,-1.0206185567011676
2025-11-27 12:00:00+00:00,2025-11-28 08:00:00+00:00,long,1.1586,1.15726,1.1619500000000005,1325116.0875608462,1.15726,SL,-1802.157879083082,175763.3978540861,-1.0149253731344248
2026-01-02 00:00:00+00:00,2026-01-02 01:00:00+00:00,short,1.17509,1.17567,1.1736399999999998,3030403.4112772164,1.17567,SL,-1818.2420467668026,173945.1558073193,-1.0344827586209142
2026-01-21 01:00:00+00:00,2026-01-21 03:00:00+00:00,long,1.17236,1.17106,1.1756100000000003,1338039.6600562213,1.17106,SL,-1766.212351274493,172178.9434560448,-1.0153846153847153
2026-02-03 20:00:00+00:00,2026-02-03 21:00:00+00:00,short,1.18135,1.18231,1.1789499999999997,1793530.6610003323,1.18231,SL,-1757.6600477806896,170421.2834082641,-1.0208333333334683
