iter,attempt,entry_params,exit_params,trades,final_equity,net_profit_abs,total_return_%,max_drawdown_%,max_drawdown_abs_%,avg_bars_held,long_trade_pct,short_trade_pct,commission_sum,win_rate_%,avg_profit_per_trade,avg_mfe,avg_mae,avg_mfe_R,avg_mae_R,avg_giveback,wins,losses,equity_years,cagr_%,sortino,mar,davey_return_worse,davey_maxdd_worse,davey_both_worse,favourable
1,1,"[{'long_ratio': 0.52, 'side': 'both', 'target_entries': 63, 'seed': 1}]","{'fallback_rr': 1.5, 'pip_size': 0.0001, 'sl_buffer_pips': 0.5}",63,86530.58368096924,-13469.416319030759,-13.469416319030758,-18.020935860483746,18.020935860483746,1.2222222222222223,52.38095238095239,47.61904761904761,7258.24221417072,38.095238095238095,-213.80025903223415,0.0010660317460317549,-0.0010215873015873046,1.7490634690981153,-2.0994181054679264,0.7511322948205089,24,39,1.987565594341775,-7.02027012673253,-1.5539638436145804,-0.3895619062784945,True,True,True,True
2,2,"[{'long_ratio': 0.52, 'side': 'both', 'target_entries': 63, 'seed': 2}]","{'fallback_rr': 1.5, 'pip_size': 0.0001, 'sl_buffer_pips': 0.5}",61,77869.84444172173,-22130.155558278275,-22.130155558278275,-24.924751731168605,24.924751731168605,0.9672131147540983,52.459016393442624,47.540983606557376,8804.075690676715,32.78688524590164,-362.7894353816111,0.0008152459016393342,-0.0009029508196721314,2.0984101390340784,-2.1357723325889624,0.8205099827863106,20,41,1.987565594341775,-11.825125254267977,-2.578267959545315,-0.4744330207101145,True,True,True,True
3,3,"[{'long_ratio': 0.52, 'side': 'both', 'target_entries': 63, 'seed': 3}]","{'fallback_rr': 1.5, 'pip_size': 0.0001, 'sl_buffer_pips': 0.5}",63,72011.72947005057,-27988.270529949426,-27.98827052994942,-30.151213859793636,30.151213859793636,1.5396825396825398,52.38095238095239,47.61904761904761,7520.643886414981,26.984126984126984,-444.2582623801491,0.0010555555555555557,-0.0011012698412698413,2.0340915606676835,-1.6040305698346162,0.8531279552780472,17,46,1.987565594341775,-15.227386789983266,-3.325319278140624,-0.505033955209639,True,True,True,True
4,4,"[{'long_ratio': 0.52, 'side': 'both', 'target_entries': 63, 'seed': 4}]","{'fallback_rr': 1.5, 'pip_size': 0.0001, 'sl_buffer_pips': 0.5}",62,66879.83638266032,-33120.163617339684,-33.120163617339685,-35.90367641989173,35.90367641989173,1.3387096774193548,51.61290322580645,48.38709677419355,13856.089828783339,29.03225806451613,-534.1961873764465,0.0010533870967741896,-0.0010029032258064429,4.530413444370977,-2.9365579395149397,0.8423956742231622,18,44,1.987565594341775,-18.322748350753837,-2.7928664643153676,-0.5103307008583242,True,True,True,True
5,5,"[{'long_ratio': 0.52, 'side': 'both', 'target_entries': 63, 'seed': 5}]","{'fallback_rr': 1.5, 'pip_size': 0.0001, 'sl_buffer_pips': 0.5}",63,74390.2859362355,-25609.714063764506,-25.60971406376451,-26.628759076589514,26.628759076589514,1.873015873015873,52.38095238095239,47.61904761904761,8862.719462944833,30.158730158730158,-406.50339783753174,0.00094269841269841,-0.00091492063492063,2.069960517073834,-1.7641915541093767,0.8043356231406252,19,44,1.987565594341775,-13.829976683492484,-2.8929765543518804,-0.5193624172915745,True,True,True,True
6,6,"[{'long_ratio': 0.52, 'side': 'both', 'target_entries': 63, 'seed': 6}]","{'fallback_rr': 1.5, 'pip_size': 0.0001, 'sl_buffer_pips': 0.5}",63,73023.07653863952,-26976.92346136048,-26.97692346136048,-27.779374851895,27.779374851895,1.1428571428571428,52.38095238095239,47.61904761904761,7626.764822469807,28.57142857142857,-428.2051343073092,0.0009801587301587191,-0.0009973015873015864,2.6056146660530177,-1.6547774245012061,0.8271519075199971,18,45,1.987565594341775,-14.630456382186562,-3.059514562513817,-0.5266661492632017,True,True,True,True
7,7,"[{'long_ratio': 0.52, 'side': 'both', 'target_entries': 63, 'seed': 7}]","{'fallback_rr': 1.5, 'pip_size': 0.0001, 'sl_buffer_pips': 0.5}",63,75027.79051538554,-24972.20948461446,-24.97220948461446,-30.87952303815792,30.87952303815792,1.6349206349206349,52.38095238095239,47.61904761904761,10850.07286850382,33.33333333333333,-396.3842775335626,0.0009590476190476354,-0.0010263492063491773,2.1783976590094647,-3.345979319434451,0.7818559777464893,21,42,1.987565594341775,-13.459227544995711,-2.5298126644641923,-0.4358625464636906,True,True,True,True
8,8,"[{'long_ratio': 0.52, 'side': 'both', 'target_entries': 63, 'seed': 8}]","{'fallback_rr': 1.5, 'pip_size': 0.0001, 'sl_buffer_pips': 0.5}",63,84825.27301933308,-15174.726980666921,-15.17472698066692,-17.52872341276189,17.52872341276189,0.746031746031746,52.38095238095239,47.61904761904761,8616.269361952402,38.095238095238095,-240.86868223280783,0.0009203174603174696,-0.0009107936507936612,2.1311503351465078,-1.5070039593883289,0.793363289604864,24,39,1.987565594341775,-7.946764745656543,-1.746455803496997,-0.4533567310367196,True,True,True,True
9,9,"[{'long_ratio': 0.52, 'side': 'both', 'target_entries': 63, 'seed': 9}]","{'fallback_rr': 1.5, 'pip_size': 0.0001, 'sl_buffer_pips': 0.5}",63,82116.6159389409,-17883.3840610591,-17.883384061059104,-22.21363876338741,22.21363876338741,1.4285714285714286,52.38095238095239,47.61904761904761,7160.715949677958,34.92063492063492,-283.8632390644305,0.0009117460317460166,-0.001000158730158734,1.6752973807597669,-2.057988721133363,0.7791212262852969,22,41,1.987565594341775,-9.437613629351361,-2.0650239805498347,-0.42485671662701496,True,True,True,True
10,10,"[{'long_ratio': 0.52, 'side': 'both', 'target_entries': 63, 'seed': 10}]","{'fallback_rr': 1.5, 'pip_size': 0.0001, 'sl_buffer_pips': 0.5}",22,-310026994983208.8,-310026995083208.8,-310026995083.2088,-304844584269.9473,304844584269.9473,2.227272727272727,50.0,50.0,221447853630712.8,40.909090909090914,-14092136140145.855,0.0012240909090909045,-0.0010459090909090897,300922338739.1242,-100307446247.22394,0.7032102987242844,9,13,1.987565594341775,,-0.8421880349105371,,True,True,True,True
11,11,"[{'long_ratio': 0.52, 'side': 'both', 'target_entries': 63, 'seed': 11}]","{'fallback_rr': 1.5, 'pip_size': 0.0001, 'sl_buffer_pips': 0.5}",63,91938.3592568175,-8061.640743182506,-8.061640743182508,-15.592075268652971,15.592075268652971,2.9365079365079363,52.38095238095239,47.61904761904761,6869.079100675372,41.269841269841265,-127.96255147908721,0.001283492063492052,-0.0009960317460317649,1.6248385657417912,-1.6185246652690206,0.7417310946071672,26,37,1.987565594341775,-4.14071384948429,-0.9080838373942192,-0.26556528096096177,True,True,True,True
12,12,"[{'long_ratio': 0.52, 'side': 'both', 'target_entries': 63, 'seed': 12}]","{'fallback_rr': 1.5, 'pip_size': 0.0001, 'sl_buffer_pips': 0.5}",63,68009.18847702735,-31990.811522972654,-31.99081152297265,-34.11376848088346,34.11376848088346,1.4603174603174602,52.38095238095239,47.61904761904761,10796.925213166134,26.984126984126984,-507.79065909480425,0.0010315873015872927,-0.000955873015873029,2.969729827676516,-2.445778674338366,0.8220433557599576,17,46,1.987565594341775,-17.631708183205618,-3.236046874029034,-0.5168502035501005,True,True,True,True
13,13,"[{'long_ratio': 0.52, 'side': 'both', 'target_entries': 63, 'seed': 13}]","{'fallback_rr': 1.5, 'pip_size': 0.0001, 'sl_buffer_pips': 0.5}",63,78676.35226956717,-21323.64773043283,-21.323647730432825,-23.27433509575483,23.27433509575483,1.1746031746031746,52.38095238095239,47.61904761904761,10030.122158741313,34.92063492063492,-338.4705988957584,0.0009358730158730214,-0.0008666666666666594,2.0678910720341785,-2.1488055006666977,0.7779174244183074,22,41,1.987565594341775,-11.366825633726407,-2.304508522388106,-0.4883845483431096,True,True,True,True
14,14,"[{'long_ratio': 0.52, 'side': 'both', 'target_entries': 63, 'seed': 14}]","{'fallback_rr': 1.5, 'pip_size': 0.0001, 'sl_buffer_pips': 0.5}",63,69607.27766278933,-30392.722337210667,-30.392722337210664,-31.392898159226746,31.392898159226746,1.3333333333333333,52.38095238095239,47.61904761904761,9105.43465401572,26.984126984126984,-482.4241640827091,0.0010460317460317472,-0.0011277777777777822,3.0412749881257346,-2.6741546641745346,0.8495596066135903,17,46,1.987565594341775,-16.663522333891923,-3.367623906777959,-0.530805478658692,True,True,True,True
15,15,"[{'long_ratio': 0.52, 'side': 'both', 'target_entries': 63, 'seed': 15}]","{'fallback_rr': 1.5, 'pip_size': 0.0001, 'sl_buffer_pips': 0.5}",63,67637.11100184375,-32362.888998156253,-32.36288899815626,-33.234549052196826,33.234549052196826,0.6666666666666666,52.38095238095239,47.61904761904761,10881.513023005831,26.984126984126984,-513.696650764384,0.0007723809523809547,-0.0010252380952381047,2.3599191781780897,-3.1000289483106336,0.8272271741441455,17,46,1.987565594341775,-17.858744785548474,-3.342430858845848,-0.5373548098245672,True,True,True,True
16,16,"[{'long_ratio': 0.52, 'side': 'both', 'target_entries': 63, 'seed': 16}]","{'fallback_rr': 1.5, 'pip_size': 0.0001, 'sl_buffer_pips': 0.5}",62,82180.69791229468,-17819.30208770532,-17.819302087705324,-22.588081483458723,22.588081483458723,1.1774193548387097,51.61290322580645,48.38709677419355,9481.56308201691,37.096774193548384,-287.4080981887961,0.0010524193548387066,-0.001007580645161298,1.9707057467100082,-2.499210504001159,0.7810867663418208,23,39,1.987565594341775,-9.402063020149276,-1.9924711990713373,-0.4162399992683937,True,True,True,True
17,17,"[{'long_ratio': 0.52, 'side': 'both', 'target_entries': 63, 'seed': 17}]","{'fallback_rr': 1.5, 'pip_size': 0.0001, 'sl_buffer_pips': 0.5}",63,77020.9245795945,-22979.075420405497,-22.979075420405493,-26.057560239737953,26.057560239737953,1.873015873015873,52.38095238095239,47.61904761904761,7720.813537221116,31.746031746031743,-364.74722889532507,0.0009830158730158877,-0.0011336507936507906,1.625495388895061,-2.1584416082831903,0.8022367915717963,20,43,1.987565594341775,-12.310080704008264,-2.64268617459691,-0.47241877561642587,True,True,True,True
18,18,"[{'long_ratio': 0.52, 'side': 'both', 'target_entries': 63, 'seed': 18}]","{'fallback_rr': 1.5, 'pip_size': 0.0001, 'sl_buffer_pips': 0.5}",62,77812.70499866027,-22187.295001339735,-22.187295001339734,-24.327487082812958,24.327487082812958,1.7258064516129032,51.61290322580645,48.38709677419355,8040.338404085783,32.25806451612903,-357.8595967958016,0.0009641935483871066,-0.0010953225806451456,1.4292854836738866,-2.226623955787133,0.8033678869485212,20,42,1.987565594341775,-11.857684120216117,-2.581840373698453,-0.4874191929421848,True,True,True,True
19,19,"[{'long_ratio': 0.52, 'side': 'both', 'target_entries': 63, 'seed': 19}]","{'fallback_rr': 1.5, 'pip_size': 0.0001, 'sl_buffer_pips': 0.5}",62,90341.5416817465,-9658.458318253499,-9.658458318253494,-11.940565757088129,11.940565757088129,1.064516129032258,53.2258064516129,46.774193548387096,8495.087230601997,41.935483870967744,-155.7815857782819,0.0010754838709677503,-0.0008130645161290226,2.277047656870377,-1.6398132173678162,0.7708452340442461,26,36,1.987565594341775,-4.982026730229771,-1.0645854241794723,-0.4172354000288766,True,True,True,True
20,20,"[{'long_ratio': 0.52, 'side': 'both', 'target_entries': 63, 'seed': 20}]","{'fallback_rr': 1.5, 'pip_size': 0.0001, 'sl_buffer_pips': 0.5}",63,78769.1929067417,-21230.807093258307,-21.230807093258306,-22.068727435153413,22.068727435153413,0.7619047619047619,52.38095238095239,47.61904761904761,6522.642802184,31.746031746031743,-336.9969379882269,0.0008095238095237979,-0.001093809523809517,1.4170865997423605,-2.051892027391486,0.8081860546417613,20,43,1.987565594341775,-11.314218884365633,-2.588981192485794,-0.5126810740497498,True,True,True,True
21,21,"[{'long_ratio': 0.52, 'side': 'both', 'target_entries': 63, 'seed': 21}]","{'fallback_rr': 1.5, 'pip_size': 0.0001, 'sl_buffer_pips': 0.5}",62,78193.38699085572,-21806.613009144276,-21.80661300914427,-23.919438892606372,23.919438892606372,2.8225806451612905,53.2258064516129,46.774193548387096,10792.006095418568,35.483870967741936,-351.7195646636179,0.001079516129032257,-0.0009070967741935674,2.803161233523219,-2.648931539829337,0.7634291467742707,22,40,1.987565594341775,-11.640989603349416,-2.2808563962009307,-0.4866748612128903,True,True,True,True
22,22,"[{'long_ratio': 0.52, 'side': 'both', 'target_entries': 63, 'seed': 22}]","{'fallback_rr': 1.5, 'pip_size': 0.0001, 'sl_buffer_pips': 0.5}",63,70689.71372857718,-29310.286271422825,-29.310286271422825,-29.8089329627618,29.8089329627618,0.5873015873015873,52.38095238095239,47.61904761904761,9649.812402094698,28.57142857142857,-465.2426392289335,0.0008234920634920764,-0.0009636507936508049,1.9651418818721937,-2.7089722874847566,0.8176728357911542,18,45,1.987565594341775,-16.014001411362976,-3.173430219397359,-0.5372215580936137,True,True,True,True
23,23,"[{'long_ratio': 0.52, 'side': 'both', 'target_entries': 63, 'seed': 23}]","{'fallback_rr': 1.5, 'pip_size': 0.0001, 'sl_buffer_pips': 0.5}",63,90272.71977412316,-9727.280225876835,-9.727280225876832,-12.411952066331377,12.411952066331377,1.3174603174603174,52.38095238095239,47.61904761904761,8245.97162752791,41.269841269841265,-154.40127342661503,0.000960952380952378,-0.000964285714285712,2.3740606992697773,-1.581935689914008,0.7504000854234202,26,37,1.987565594341775,-5.01845224670009,-1.1449280177961958,-0.4043241723687548,True,True,True,True
24,24,"[{'long_ratio': 0.52, 'side': 'both', 'target_entries': 63, 'seed': 24}]","{'fallback_rr': 1.5, 'pip_size': 0.0001, 'sl_buffer_pips': 0.5}",63,90716.12053897904,-9283.879461020959,-9.28387946102096,-13.120922980243977,13.120922980243977,1.507936507936508,52.38095238095239,47.61904761904761,9654.43097540447,41.269841269841265,-147.3631660479516,0.0010041269841269856,-0.0009049206349206279,2.090767886819255,-1.431503893325045,0.741036642759866,26,37,1.987565594341775,-4.7840138725887655,-1.0680863045670128,-0.36460955374800996,True,True,True,True
25,25,"[{'long_ratio': 0.52, 'side': 'both', 'target_entries': 63, 'seed': 25}]","{'fallback_rr': 1.5, 'pip_size': 0.0001, 'sl_buffer_pips': 0.5}",63,86449.24808761424,-13550.751912385764,-13.550751912385762,-15.121586030701351,15.121586030701351,1.4444444444444444,52.38095238095239,47.61904761904761,10281.23892412762,41.269841269841265,-215.0913001965992,0.0008558730158730225,-0.0007985714285714298,2.0814629358477386,-2.065663679286065,0.7593005300552801,26,37,1.987565594341775,-7.064252561616646,-1.539901804082059,-0.46716346732902864,True,True,True,True
26,26,"[{'long_ratio': 0.52, 'side': 'both', 'target_entries': 63, 'seed': 26}]","{'fallback_rr': 1.5, 'pip_size': 0.0001, 'sl_buffer_pips': 0.5}",63,80140.92158420046,-19859.078415799537,-19.859078415799537,-23.057635184473334,23.057635184473334,1.0317460317460319,52.38095238095239,47.61904761904761,9049.70049286773,34.92063492063492,-315.22346691745304,0.0009565079365079291,-0.0008892063492063521,2.7140428702169372,-1.991743226352004,0.7885056632790977,22,41,1.987565594341775,-10.54051003856652,-2.2397184193412207,-0.4571375145038439,True,True,True,True
27,27,"[{'long_ratio': 0.52, 'side': 'both', 'target_entries': 63, 'seed': 27}]","{'fallback_rr': 1.5, 'pip_size': 0.0001, 'sl_buffer_pips': 0.5}",62,94528.77420259127,-5471.225797408726,-5.47122579740873,-18.610903592231733,18.610903592231733,1.4838709677419355,53.2258064516129,46.774193548387096,10143.898969115695,46.774193548387096,-88.24557737756048,0.0010317741935484063,-0.0007396774193548209,2.43032698425391,-1.9967640858619464,0.754083186914832,29,33,1.987565594341775,-2.791201297432744,-0.560918676446605,-0.14997666736599521,True,True,True,True
28,28,"[{'long_ratio': 0.52, 'side': 'both', 'target_entries': 63, 'seed': 28}]","{'fallback_rr': 1.5, 'pip_size': 0.0001, 'sl_buffer_pips': 0.5}",63,74816.8161773402,-25183.183822659805,-25.183183822659807,-27.62971061130498,27.62971061130498,1.6507936507936507,52.38095238095239,47.61904761904761,11130.550916904946,33.33333333333333,-399.733076550155,0.0012055555555555725,-0.001133968253968239,2.819343864035073,-2.7534675299285225,0.7794191778955238,21,42,1.987565594341775,-13.5817485319361,-2.5523769100615836,-0.4915631843924919,True,True,True,True
29,29,"[{'long_ratio': 0.52, 'side': 'both', 'target_entries': 63, 'seed': 29}]","{'fallback_rr': 1.5, 'pip_size': 0.0001, 'sl_buffer_pips': 0.5}",63,82660.5746574584,-17339.425342541595,-17.339425342541592,-22.200625353947277,22.200625353947277,1.8888888888888888,52.38095238095239,47.61904761904761,10263.372332821358,36.507936507936506,-275.2289736911356,0.0009644444444444362,-0.0010896825396825378,2.2389906522755445,-1.749391890151021,0.726421718955777,23,40,1.987565594341775,-9.136279490056666,-1.9078152559673258,-0.41153252867411827,True,True,True,True
30,30,"[{'long_ratio': 0.52, 'side': 'both', 'target_entries': 63, 'seed': 30}]","{'fallback_rr': 1.5, 'pip_size': 0.0001, 'sl_buffer_pips': 0.5}",63,79762.72403806366,-20237.275961936335,-20.23727596193633,-22.154848634290268,22.154848634290268,2.634920634920635,52.38095238095239,47.61904761904761,8980.799911844828,34.92063492063492,-321.22660257041844,0.0010066666666666848,-0.0010100000000000011,2.0014525711641498,-2.1546160709642264,0.7972974450056516,22,41,1.987565594341775,-10.753166897636678,-2.3059029602435848,-0.4853640426589697,True,True,True,True
31,31,"[{'long_ratio': 0.52, 'side': 'both', 'target_entries': 63, 'seed': 31}]","{'fallback_rr': 1.5, 'pip_size': 0.0001, 'sl_buffer_pips': 0.5}",61,88576.54482232431,-11423.455177675685,-11.42345517767569,-13.045293742871934,13.045293742871934,1.2950819672131149,50.81967213114754,49.18032786885246,8653.05999109285,40.98360655737705,-187.26975701107668,0.0010963934426229443,-0.0008060655737705053,2.0893442146912617,-2.2907157598881516,0.7642911587099712,25,36,1.987565594341775,-5.920591523922003,-1.2358006916598256,-0.4538488469956506,True,True,True,True
32,32,"[{'long_ratio': 0.52, 'side': 'both', 'target_entries': 63, 'seed': 32}]","{'fallback_rr': 1.5, 'pip_size': 0.0001, 'sl_buffer_pips': 0.5}",63,83918.83651839895,-16081.163481601048,-16.081163481601045,-18.79039002247598,18.79039002247598,2.984126984126984,52.38095238095239,47.61904761904761,10753.81987447156,39.682539682539684,-255.25656320001644,0.0010328571428571388,-0.0011276190476190511,1.61210394645684,-3.017849150518345,0.7281350474811242,25,38,1.987565594341775,-8.442999641886539,-1.69641146701706,-0.4493254068589056,True,True,True,True
33,33,"[{'long_ratio': 0.52, 'side': 'both', 'target_entries': 63, 'seed': 33}]","{'fallback_rr': 1.5, 'pip_size': 0.0001, 'sl_buffer_pips': 0.5}",63,71450.24964278056,-28549.75035721944,-28.549750357219438,-29.24625911126556,29.24625911126556,2.0952380952380953,52.38095238095239,47.61904761904761,7941.328305726089,26.984126984126984,-453.170640590785,0.0010836507936507768,-0.0012222222222222215,2.376549216800197,-2.317972217065267,0.8342452397383515,17,46,1.987565594341775,-15.560589668617874,-3.330599135478569,-0.5320540178974202,True,True,True,True
34,34,"[{'long_ratio': 0.52, 'side': 'both', 'target_entries': 63, 'seed': 34}]","{'fallback_rr': 1.5, 'pip_size': 0.0001, 'sl_buffer_pips': 0.5}",63,87793.05868851695,-12206.941311483053,-12.206941311483055,-19.248875720121738,19.248875720121738,0.9206349206349206,52.38095238095239,47.61904761904761,13580.687626574689,44.44444444444444,-193.76097319814232,0.0011941269841269757,-0.0007693650793650655,3.2738721968671216,-2.608440044768887,0.7663550179124078,28,35,1.987565594341775,-6.34019900667867,-1.133318454818559,-0.3293802245318134,True,True,True,True
35,35,"[{'long_ratio': 0.52, 'side': 'both', 'target_entries': 63, 'seed': 35}]","{'fallback_rr': 1.5, 'pip_size': 0.0001, 'sl_buffer_pips': 0.5}",62,69515.90756700031,-30484.092432999692,-30.484092432999688,-30.484092432999688,30.484092432999688,2.096774193548387,51.61290322580645,48.38709677419355,9859.237455572436,27.419354838709676,-491.6789102096721,0.0008404838709677113,-0.0009480645161290654,1.7167642757061046,-2.7630721132587386,0.8286511522081957,17,45,1.987565594341775,-16.718578352100987,-3.21308888073541,-0.5484361520306494,True,True,True,True
36,36,"[{'long_ratio': 0.52, 'side': 'both', 'target_entries': 63, 'seed': 36}]","{'fallback_rr': 1.5, 'pip_size': 0.0001, 'sl_buffer_pips': 0.5}",63,76536.65600495013,-23463.343995049872,-23.46334399504987,-23.943863303732048,23.943863303732048,1.8888888888888888,52.38095238095239,47.61904761904761,14256.424563618852,38.095238095238095,-372.4340316674574,0.0010188888888888602,-0.0009161904761904901,3.9889843107023775,-2.9893781506453916,0.7732383965480946,24,39,1.987565594341775,-12.587914932751021,-2.1100838007907856,-0.525726144234585,True,True,True,True
37,37,"[{'long_ratio': 0.52, 'side': 'both', 'target_entries': 63, 'seed': 37}]","{'fallback_rr': 1.5, 'pip_size': 0.0001, 'sl_buffer_pips': 0.5}",63,74297.64942143996,-25702.350578560043,-25.70235057856004,-27.496126007631126,27.496126007631126,1.380952380952381,52.38095238095239,47.61904761904761,10648.846982592113,31.746031746031743,-407.9738187073032,0.0010615873015873095,-0.0010033333333333155,2.0555405772103303,-2.0520305034454616,0.7879406807457893,20,43,1.987565594341775,-13.883981829027414,-2.6585160421396328,-0.5049431990955427,True,True,True,True
38,38,"[{'long_ratio': 0.52, 'side': 'both', 'target_entries': 63, 'seed': 38}]","{'fallback_rr': 1.5, 'pip_size': 0.0001, 'sl_buffer_pips': 0.5}",63,74269.60276483056,-25730.39723516944,-25.730397235169445,-25.826236183557715,25.826236183557715,1.3333333333333333,52.38095238095239,47.61904761904761,12268.970930299096,31.746031746031743,-408.4190037328481,0.0007695238095238002,-0.0008609523809523855,2.9349908809349783,-1.7539774747823116,0.8078957108406197,20,43,1.987565594341775,-13.900339038993327,-2.5769934797219527,-0.5382255060395902,True,True,True,True
39,39,"[{'long_ratio': 0.52, 'side': 'both', 'target_entries': 63, 'seed': 39}]","{'fallback_rr': 1.5, 'pip_size': 0.0001, 'sl_buffer_pips': 0.5}",62,95948.2686500889,-4051.731349911104,-4.051731349911103,-11.753856746919844,11.753856746919844,0.6451612903225806,53.2258064516129,46.774193548387096,8187.797646225448,45.16129032258064,-65.35050564372692,0.0009629032258064495,-0.0008440322580645267,2.156152163923653,-1.563008824665571,0.7344690482192947,28,34,1.987565594341775,-2.0594851815655013,-0.44134209409898945,-0.1752178221931452,True,True,True,True
40,40,"[{'long_ratio': 0.52, 'side': 'both', 'target_entries': 63, 'seed': 40}]","{'fallback_rr': 1.5, 'pip_size': 0.0001, 'sl_buffer_pips': 0.5}",63,81505.64212435701,-18494.357875642992,-18.494357875642997,-18.494357875642997,18.494357875642997,3.9047619047619047,52.38095238095239,47.61904761904761,7740.516625010594,34.92063492063492,-293.56123612131745,0.0010830158730158802,-0.0010579365079365095,2.2693767941663143,-1.91595774972537,0.772339014173604,22,41,1.987565594341775,-9.777256855577566,-2.118066253773835,-0.5286616016257681,True,True,True,True
41,41,"[{'long_ratio': 0.52, 'side': 'both', 'target_entries': 63, 'seed': 41}]","{'fallback_rr': 1.5, 'pip_size': 0.0001, 'sl_buffer_pips': 0.5}",7,-309860499069172.7,-309860499169172.7,-309860499169.17267,-309860499169.17267,309860499169.17267,2.857142857142857,28.57142857142857,71.42857142857143,221328927976119.16,28.57142857142857,-44265785595596.1,0.0012314285714284865,-0.0015157142857143186,115806847561.82028,-2573485501355.396,0.7812724909498979,2,5,1.987565594341775,,-0.8421880349109729,,True,True,True,True
42,42,"[{'long_ratio': 0.52, 'side': 'both', 'target_entries': 63, 'seed': 42}]","{'fallback_rr': 1.5, 'pip_size': 0.0001, 'sl_buffer_pips': 0.5}",62,70159.03203623308,-29840.967963766918,-29.840967963766918,-31.033650070554497,31.033650070554497,1.3387096774193548,53.2258064516129,46.774193548387096,10810.520545762854,29.03225806451613,-481.30593489946597,0.0008053225806451618,-0.0008930645161290417,2.1581928400248613,-2.8593425867830597,0.8537895686567095,18,44,1.987565594341775,-16.33181727806303,-3.0671201516453968,-0.5262615657820756,True,True,True,True
43,43,"[{'long_ratio': 0.52, 'side': 'both', 'target_entries': 63, 'seed': 43}]","{'fallback_rr': 1.5, 'pip_size': 0.0001, 'sl_buffer_pips': 0.5}",62,88510.65331403962,-11489.34668596038,-11.489346685960378,-14.611662729031671,14.611662729031671,1.5,53.2258064516129,46.774193548387096,10169.255021349818,41.935483870967744,-185.31204332194113,0.0011253225806451559,-0.0011182258064516147,2.842316648256038,-2.959379468056311,0.7846670127579902,26,36,1.987565594341775,-5.9558094765993275,-1.25902200744079,-0.4076065528645024,True,True,True,True
44,44,"[{'long_ratio': 0.52, 'side': 'both', 'target_entries': 63, 'seed': 44}]","{'fallback_rr': 1.5, 'pip_size': 0.0001, 'sl_buffer_pips': 0.5}",62,95319.92495041114,-4680.075049588864,-4.6800750495888614,-12.46768899238705,12.46768899238705,2.161290322580645,53.2258064516129,46.774193548387096,10044.197510104,46.774193548387096,-75.48508144498119,0.0011316129032258207,-0.0008117741935483797,2.6733141868594745,-1.7521117895233982,0.6888732683831903,29,33,1.987565594341775,-2.3827134613926604,-0.4370360146428805,-0.19111107622652276,True,True,True,True
45,45,"[{'long_ratio': 0.52, 'side': 'both', 'target_entries': 63, 'seed': 45}]","{'fallback_rr': 1.5, 'pip_size': 0.0001, 'sl_buffer_pips': 0.5}",63,82355.07293431768,-17644.92706568232,-17.644927065682324,-20.817998982478137,20.817998982478137,2.4285714285714284,52.38095238095239,47.61904761904761,12081.234831498386,39.682539682539684,-280.07820739178317,0.0011458730158730084,-0.0011463492063492231,3.1179119324978406,-3.0782315915723935,0.7771862918064917,25,38,1.987565594341775,-9.305395064383015,-1.8408084320261475,-0.4469879680662429,True,True,True,True
46,46,"[{'long_ratio': 0.52, 'side': 'both', 'target_entries': 63, 'seed': 46}]","{'fallback_rr': 1.5, 'pip_size': 0.0001, 'sl_buffer_pips': 0.5}",63,85555.02700878352,-14444.972991216477,-14.444972991216476,-22.58806807443685,22.58806807443685,4.079365079365079,52.38095238095239,47.61904761904761,9971.564078144205,39.682539682539684,-229.2852855748641,0.0011863492063492384,-0.0011134920634920484,2.354149364359351,-2.7654607389363317,0.767547108083472,25,38,1.987565594341775,-7.5491673250748015,-1.6237192714740092,-0.33421040259827584,True,True,True,True
47,47,"[{'long_ratio': 0.52, 'side': 'both', 'target_entries': 63, 'seed': 47}]","{'fallback_rr': 1.5, 'pip_size': 0.0001, 'sl_buffer_pips': 0.5}",63,90819.67054590418,-9180.329454095816,-9.180329454095816,-14.810147221546476,14.810147221546476,1.3015873015873016,52.38095238095239,47.61904761904761,9890.0891163842,42.857142857142854,-145.71951514437816,0.001119841269841261,-0.0008830158730158776,3.0546603701086323,-2.0120132568098477,0.7514338215608305,27,36,1.987565594341775,-4.729346153221403,-1.0308972503175924,-0.31933147472976736,True,True,True,True
48,48,"[{'long_ratio': 0.52, 'side': 'both', 'target_entries': 63, 'seed': 48}]","{'fallback_rr': 1.5, 'pip_size': 0.0001, 'sl_buffer_pips': 0.5}",63,84415.09965566514,-15584.900344334863,-15.584900344334862,-17.76016264857808,17.76016264857808,1.8253968253968254,52.38095238095239,47.61904761904761,7234.618096153864,36.507936507936506,-247.37937054499758,0.0010047619047618998,-0.0010977777777777795,1.9218043767490827,-2.017481900786713,0.7777088396213037,23,40,1.987565594341775,-8.170988926712697,-1.804500089936006,-0.4600739919105913,True,True,True,True
49,49,"[{'long_ratio': 0.52, 'side': 'both', 'target_entries': 63, 'seed': 49}]","{'fallback_rr': 1.5, 'pip_size': 0.0001, 'sl_buffer_pips': 0.5}",63,87183.37450723193,-12816.625492768071,-12.816625492768075,-17.488521439167194,17.488521439167194,3.238095238095238,52.38095238095239,47.61904761904761,8167.31708422312,39.682539682539684,-203.43849988520816,0.0011388888888888957,-0.0008611111111111026,2.4941025860448534,-1.5290839570897052,0.7365619486394598,25,38,1.987565594341775,-6.668013192945265,-1.4542349209449723,-0.3812794132505462,True,True,True,True
50,50,"[{'long_ratio': 0.52, 'side': 'both', 'target_entries': 63, 'seed': 50}]","{'fallback_rr': 1.5, 'pip_size': 0.0001, 'sl_buffer_pips': 0.5}",62,75648.66080292329,-24351.33919707671,-24.351339197076715,-24.351339197076715,24.351339197076715,2.1129032258064515,53.2258064516129,46.774193548387096,9809.123402439922,32.25806451612903,-392.76353543672116,0.0012233870967742074,-0.0008437096774193453,4.174565063571093,-1.7615118315415215,0.7844494588737977,20,42,1.987565594341775,-13.099653840250058,-2.6931291434120275,-0.5379438779212037,True,True,True,True
51,51,"[{'long_ratio': 0.52, 'side': 'both', 'target_entries': 63, 'seed': 51}]","{'fallback_rr': 1.5, 'pip_size': 0.0001, 'sl_buffer_pips': 0.5}",63,78669.32655427812,-21330.673445721884,-21.33067344572188,-22.874901004174575,22.874901004174575,1.0952380952380953,52.38095238095239,47.61904761904761,11188.902065127973,36.507936507936506,-338.58211818606156,0.0009023809523809464,-0.0008757142857142989,2.3923414269789336,-2.426046016601969,0.7754476607545137,23,40,1.987565594341775,-11.370807904613011,-2.275962868981086,-0.4970866497974302,True,True,True,True
52,52,"[{'long_ratio': 0.52, 'side': 'both', 'target_entries': 63, 'seed': 52}]","{'fallback_rr': 1.5, 'pip_size': 0.0001, 'sl_buffer_pips': 0.5}",63,86142.88496717559,-13857.115032824411,-13.857115032824407,-18.48950951010434,18.48950951010434,1.492063492063492,52.38095238095239,47.61904761904761,7962.655899020009,38.095238095238095,-219.9542068702278,0.001047619047619038,-0.0011560317460317664,1.9716016563911978,-2.2653044689247857,0.7384964269171651,24,39,1.987565594341775,-7.230104083145317,-1.5566353144576026,-0.39103817649646866,True,True,True,True
53,53,"[{'long_ratio': 0.52, 'side': 'both', 'target_entries': 63, 'seed': 53}]","{'fallback_rr': 1.5, 'pip_size': 0.0001, 'sl_buffer_pips': 0.5}",62,82567.70087397425,-17432.299126025755,-17.432299126025754,-20.85947832029793,20.85947832029793,1.6451612903225807,53.2258064516129,46.774193548387096,9317.9813839091,37.096774193548384,-281.1661149358989,0.0010706451612903314,-0.001034516129032245,2.691941000383418,-2.3223921830855336,0.7560777629087319,23,39,1.987565594341775,-9.187658418169264,-1.9399536777487902,-0.4404548511277457,True,True,True,True
54,54,"[{'long_ratio': 0.52, 'side': 'both', 'target_entries': 63, 'seed': 54}]","{'fallback_rr': 1.5, 'pip_size': 0.0001, 'sl_buffer_pips': 0.5}",62,84967.5835225254,-15032.416477474602,-15.032416477474598,-17.141676920123118,17.141676920123118,1.532258064516129,53.2258064516129,46.774193548387096,11054.395910220821,40.32258064516129,-242.45833028184768,0.0009811290322580815,-0.0008890322580645279,2.5274464056707817,-1.9159028045547053,0.7676850193823856,25,37,1.987565594341775,-7.86909562740351,-1.6576021971632444,-0.4590621830099801,True,True,True,True
55,55,"[{'long_ratio': 0.52, 'side': 'both', 'target_entries': 63, 'seed': 55}]","{'fallback_rr': 1.5, 'pip_size': 0.0001, 'sl_buffer_pips': 0.5}",63,78140.34025324015,-21859.659746759848,-21.859659746759853,-25.081292595947126,25.081292595947126,4.2063492063492065,52.38095238095239,47.61904761904761,7109.838786157283,31.746031746031743,-346.97872613904474,0.0009780952380952382,-0.0010715873015873186,1.7398197905864212,-2.140661079831508,0.7929088934807372,20,43,1.987565594341775,-11.671153763794296,-2.564576356627015,-0.4653330253672904,True,True,True,True
56,56,"[{'long_ratio': 0.52, 'side': 'both', 'target_entries': 63, 'seed': 56}]","{'fallback_rr': 1.5, 'pip_size': 0.0001, 'sl_buffer_pips': 0.5}",63,67190.25742977708,-32809.74257022292,-32.80974257022292,-32.80974257022292,32.80974257022292,1.3333333333333333,52.38095238095239,47.61904761904761,9593.907853592695,23.809523809523807,-520.789564606713,0.0008639682539682396,-0.0011814285714285748,2.363861682523735,-3.044294413172002,0.8482262996105986,15,48,1.987565594341775,-18.132230495898305,-3.691276130757016,-0.5526477526329189,True,True,True,True
57,57,"[{'long_ratio': 0.52, 'side': 'both', 'target_entries': 63, 'seed': 57}]","{'fallback_rr': 1.5, 'pip_size': 0.0001, 'sl_buffer_pips': 0.5}",63,72168.17333102901,-27831.826668970985,-27.831826668970983,-29.8729432776362,29.8729432776362,1.1746031746031746,52.38095238095239,47.61904761904761,7283.022229847571,26.984126984126984,-441.77502649160243,0.0010074603174603125,-0.0011688888888889018,1.8417025128753044,-1.5986969083138634,0.8443598878429757,17,46,1.987565594341775,-15.134777367158314,-3.351292754308241,-0.5066383056566331,True,True,True,True
58,58,"[{'long_ratio': 0.52, 'side': 'both', 'target_entries': 63, 'seed': 58}]","{'fallback_rr': 1.5, 'pip_size': 0.0001, 'sl_buffer_pips': 0.5}",63,84162.05646787286,-15837.943532127145,-15.837943532127142,-19.182584669993897,19.182584669993897,2.0476190476190474,52.38095238095239,47.61904761904761,10607.246937895477,38.095238095238095,-251.39592908138374,0.0010523809523809598,-0.0009555555555555454,3.2674924521748254,-2.1198969178065443,0.7363083520539515,24,39,1.987565594341775,-8.309586854899598,-1.725976919319344,-0.4331839008065351,True,True,True,True
59,59,"[{'long_ratio': 0.52, 'side': 'both', 'target_entries': 63, 'seed': 59}]","{'fallback_rr': 1.5, 'pip_size': 0.0001, 'sl_buffer_pips': 0.5}",34,-260814081531533.06,-260814081631533.06,-260814081631.53305,-254552722682.63745,254552722682.63745,1.3823529411764706,52.94117647058824,47.05882352941176,186295772586098.75,26.47058823529412,-7671002400927.443,0.0008447058823529305,-0.001077647058823523,5298352505.478932,-528510662155.57733,0.8179527995140906,9,25,1.987565594341775,,-0.8421880349563251,,True,True,True,True
60,60,"[{'long_ratio': 0.52, 'side': 'both', 'target_entries': 63, 'seed': 60}]","{'fallback_rr': 1.5, 'pip_size': 0.0001, 'sl_buffer_pips': 0.5}",63,72864.30107657696,-27135.698923423042,-27.135698923423046,-27.135698923423046,27.135698923423046,1.6031746031746033,52.38095238095239,47.61904761904761,11089.371496948648,31.746031746031743,-430.72537973687304,0.0006146031746031936,-0.0008542857142857034,2.2210035365586442,-2.2349069208487227,0.7714759779984632,20,43,1.987565594341775,-14.723897825189603,-2.7855335954933276,-0.5426024907904694,True,True,True,True
61,61,"[{'long_ratio': 0.52, 'side': 'both', 'target_entries': 63, 'seed': 61}]","{'fallback_rr': 1.5, 'pip_size': 0.0001, 'sl_buffer_pips': 0.5}",63,76462.34116087652,-23537.658839123484,-23.537658839123488,-26.131786972438164,26.131786972438164,1.6031746031746033,52.38095238095239,47.61904761904761,7102.553933496829,30.158730158730158,-373.61363236704017,0.0010233333333333338,-0.0013177777777777827,1.7537808439237417,-2.561120078361656,0.8166397605783101,19,44,1.987565594341775,-12.63062801356094,-2.763529956711608,-0.4833434478431488,True,True,True,True
62,62,"[{'long_ratio': 0.52, 'side': 'both', 'target_entries': 63, 'seed': 62}]","{'fallback_rr': 1.5, 'pip_size': 0.0001, 'sl_buffer_pips': 0.5}",24,-306718771077188.5,-306718771177188.5,-306718771177.1885,-306458138888.94025,306458138888.94025,1.25,50.0,50.0,219084836555268.16,41.66666666666667,-12779948799049.518,0.0010566666666666686,-0.0009774999999999923,18764998449.004017,-80689493325.95322,0.7296388056369938,10,14,1.987565594341775,,-0.8421880349133377,,True,True,True,True
63,63,"[{'long_ratio': 0.52, 'side': 'both', 'target_entries': 63, 'seed': 63}]","{'fallback_rr': 1.5, 'pip_size': 0.0001, 'sl_buffer_pips': 0.5}",63,73555.04679904104,-26444.95320095896,-26.444953200958963,-27.490935522406758,27.490935522406758,2.873015873015873,52.38095238095239,47.61904761904761,9254.413270845778,30.158730158730158,-419.7611619199842,0.0008769841269841273,-0.0010196825396825162,3.125837401899552,-2.0686553065867046,0.7824638473784404,19,44,1.987565594341775,-14.318118365779176,-2.771762426602045,-0.5208305244508341,True,True,True,True
64,64,"[{'long_ratio': 0.52, 'side': 'both', 'target_entries': 63, 'seed': 64}]","{'fallback_rr': 1.5, 'pip_size': 0.0001, 'sl_buffer_pips': 0.5}",63,77849.73387135398,-22150.26612864602,-22.150266128646024,-25.094394676656297,25.094394676656297,2.6825396825396823,52.38095238095239,47.61904761904761,9202.60325015656,33.33333333333333,-351.5915258515245,0.0009652380952380993,-0.0008495238095237992,2.141594201599627,-2.2627864201399155,0.77765123966093,21,42,1.987565594341775,-11.836583188613915,-2.462553689058849,-0.47168235540762926,True,True,True,True
65,65,"[{'long_ratio': 0.52, 'side': 'both', 'target_entries': 63, 'seed': 65}]","{'fallback_rr': 1.5, 'pip_size': 0.0001, 'sl_buffer_pips': 0.5}",63,66651.46056616081,-33348.53943383919,-33.3485394338392,-33.3485394338392,33.3485394338392,1.7777777777777777,52.38095238095239,47.61904761904761,14422.347795682894,28.57142857142857,-529.3418957752249,0.0009311111111111171,-0.0009853968253968135,4.082784542916021,-2.9862407015583856,0.8234576529653407,18,45,1.987565594341775,-18.46319243732566,-2.819553074466737,-0.5536432104906764,True,True,True,True
66,66,"[{'long_ratio': 0.52, 'side': 'both', 'target_entries': 63, 'seed': 66}]","{'fallback_rr': 1.5, 'pip_size': 0.0001, 'sl_buffer_pips': 0.5}",63,83790.88000129396,-16209.119998706039,-16.209119998706033,-20.91432991843336,20.91432991843336,1.1111111111111112,52.38095238095239,47.61904761904761,7671.691503188163,36.507936507936506,-257.28761902707953,0.0010004761904761857,-0.0009520634920634838,1.7463019426761024,-1.7602467938368385,0.7887271902503897,23,40,1.987565594341775,-8.51326441517546,-1.8801584379346834,-0.4070541321848464,True,True,True,True
67,67,"[{'long_ratio': 0.52, 'side': 'both', 'target_entries': 63, 'seed': 67}]","{'fallback_rr': 1.5, 'pip_size': 0.0001, 'sl_buffer_pips': 0.5}",63,78179.69959202391,-21820.300407976087,-21.82030040797609,-25.87173130925099,25.87173130925099,1.1111111111111112,52.38095238095239,47.61904761904761,8749.068085804747,33.33333333333333,-346.3539747297786,0.0011212698412698312,-0.0010926984126984165,2.3658858401679406,-1.6320592277848445,0.8400434839979873,21,42,1.987565594341775,-11.648771745464659,-2.5359262503734272,-0.4502509556173147,True,True,True,True
68,68,"[{'long_ratio': 0.52, 'side': 'both', 'target_entries': 63, 'seed': 68}]","{'fallback_rr': 1.5, 'pip_size': 0.0001, 'sl_buffer_pips': 0.5}",62,85286.29886099965,-14713.701139000346,-14.713701139000346,-15.832512858322234,15.832512858322234,1.532258064516129,53.2258064516129,46.774193548387096,8761.951802771136,38.70967741935484,-237.3177603064562,0.0009287096774193507,-0.000812580645161299,1.8395660595883383,-1.752516795014611,0.7562665645620286,24,38,1.987565594341775,-7.695383789529675,-1.6326734401668392,-0.4860494261645054,True,True,True,True
69,69,"[{'long_ratio': 0.52, 'side': 'both', 'target_entries': 63, 'seed': 69}]","{'fallback_rr': 1.5, 'pip_size': 0.0001, 'sl_buffer_pips': 0.5}",63,86853.02835261273,-13146.971647387269,-13.146971647387273,-14.840855401775189,14.840855401775189,1.3174603174603174,52.38095238095239,47.61904761904761,8964.047510816443,39.682539682539684,-208.68208964106933,0.0010841269841269775,-0.0011838095238095323,2.2012621680487228,-2.40196188119409,0.7307111922776132,25,38,1.987565594341775,-6.846109135592082,-1.4098608326171136,-0.4613015186963674,True,True,True,True
70,70,"[{'long_ratio': 0.52, 'side': 'both', 'target_entries': 63, 'seed': 70}]","{'fallback_rr': 1.5, 'pip_size': 0.0001, 'sl_buffer_pips': 0.5}",63,76155.9949685016,-23844.005031498396,-23.844005031498394,-25.7902538322904,25.7902538322904,1.3650793650793651,52.38095238095239,47.61904761904761,7031.072283265874,30.158730158730158,-378.4762703412451,0.001012857142857138,-0.0009531746031745951,1.7820974164928456,-1.8195907488968988,0.8211184216257926,19,44,1.987565594341775,-12.806921216488798,-2.8145921363921134,-0.4965798824536591,True,True,True,True
71,71,"[{'long_ratio': 0.52, 'side': 'both', 'target_entries': 63, 'seed': 71}]","{'fallback_rr': 1.5, 'pip_size': 0.0001, 'sl_buffer_pips': 0.5}",63,85319.11075846614,-14680.889241533863,-14.680889241533867,-22.217456856084826,22.217456856084826,0.5714285714285714,52.38095238095239,47.61904761904761,12296.27618785522,39.682539682539684,-233.02998796085555,0.001188571428571447,-0.0006887301587301664,2.836932737147028,-1.6381910934242987,0.7681436962152915,25,38,1.987565594341775,-7.677518398568484,-1.5557202216822799,-0.3455624308533673,True,True,True,True
72,72,"[{'long_ratio': 0.52, 'side': 'both', 'target_entries': 63, 'seed': 72}]","{'fallback_rr': 1.5, 'pip_size': 0.0001, 'sl_buffer_pips': 0.5}",63,83206.67449398329,-16793.325506016714,-16.79332550601671,-20.502505351661537,20.502505351661537,1.0317460317460319,52.38095238095239,47.61904761904761,16069.847956959862,44.44444444444444,-266.5607223177258,0.0011917460317460253,-0.0007668253968254121,4.116975791183013,-2.065809744106612,0.7530165370980674,28,35,1.987565594341775,-8.834748730264453,-1.2652194992488712,-0.4309106901195604,True,True,True,True
73,73,"[{'long_ratio': 0.52, 'side': 'both', 'target_entries': 63, 'seed': 73}]","{'fallback_rr': 1.5, 'pip_size': 0.0001, 'sl_buffer_pips': 0.5}",61,88369.09751405471,-11630.902485945291,-11.630902485945294,-17.51582805399807,17.51582805399807,1.3770491803278688,50.81967213114754,49.18032786885246,10529.541988584591,40.98360655737705,-190.67053255647895,0.0012609836065573823,-0.0009080327868852358,2.922879956039348,-2.1631511190783086,0.7452378455095217,25,36,1.987565594341775,-6.031512859041088,-1.2437214993896348,-0.34434643000873527,True,True,True,True
74,74,"[{'long_ratio': 0.52, 'side': 'both', 'target_entries': 63, 'seed': 74}]","{'fallback_rr': 1.5, 'pip_size': 0.0001, 'sl_buffer_pips': 0.5}",62,89743.29436715617,-10256.705632843834,-10.256705632843833,-17.60921230176036,17.60921230176036,1.5161290322580645,53.2258064516129,46.774193548387096,10213.43179241091,43.54838709677419,-165.4307360136108,0.0012727419354838572,-0.0008874193548387215,2.265362761758087,-3.291281517241727,0.7197943676299445,27,35,1.987565594341775,-5.2991249585144455,-1.033269715832678,-0.30092913116759357,True,True,True,True
75,75,"[{'long_ratio': 0.52, 'side': 'both', 'target_entries': 63, 'seed': 75}]","{'fallback_rr': 1.5, 'pip_size': 0.0001, 'sl_buffer_pips': 0.5}",63,76706.97648796707,-23293.02351203293,-23.293023512032928,-23.978421547803375,23.978421547803375,2.365079365079365,52.38095238095239,47.61904761904761,8511.670773770582,31.746031746031743,-369.73053193703043,0.0008531746031746132,-0.0008930158730158692,1.7663932029931668,-1.636656993078395,0.8079306569715162,20,43,1.987565594341775,-12.490099472249906,-2.757525133145269,-0.5208891439058925,True,True,True,True
76,76,"[{'long_ratio': 0.52, 'side': 'both', 'target_entries': 63, 'seed': 76}]","{'fallback_rr': 1.5, 'pip_size': 0.0001, 'sl_buffer_pips': 0.5}",63,80904.02492645009,-19095.97507354991,-19.09597507354991,-20.309363024948045,20.309363024948045,2.0793650793650795,52.38095238095239,47.61904761904761,9731.214683294766,36.507936507936506,-303.11071545317435,0.0009158730158730172,-0.0010611111111111053,2.023749935416923,-3.211497220897777,0.7798959124462693,23,40,1.987565594341775,-10.112937065785676,-1.9898724141200677,-0.4979445713468676,True,True,True,True
77,77,"[{'long_ratio': 0.52, 'side': 'both', 'target_entries': 63, 'seed': 77}]","{'fallback_rr': 1.5, 'pip_size': 0.0001, 'sl_buffer_pips': 0.5}",62,81887.70615583,-18112.293844169995,-18.11229384416999,-22.44562754497379,22.44562754497379,1.8387096774193548,53.2258064516129,46.774193548387096,10010.423215598363,35.483870967741936,-292.13377168016115,0.0011558064516128935,-0.0009041935483871147,1.901368263070173,-2.2936669622300037,0.7744987043570182,22,40,1.987565594341775,-9.56471808671635,-2.018866559442759,-0.4261283435961746,True,True,True,True
78,78,"[{'long_ratio': 0.52, 'side': 'both', 'target_entries': 63, 'seed': 78}]","{'fallback_rr': 1.5, 'pip_size': 0.0001, 'sl_buffer_pips': 0.5}",63,75975.08234654862,-24024.917653451383,-24.024917653451382,-24.26345549769907,24.26345549769907,0.9841269841269841,52.38095238095239,47.61904761904761,10260.356426459664,33.33333333333333,-381.3478992611333,0.0009746031746031695,-0.0009811111111111205,2.4729654167202164,-2.645090279009625,0.7928830891372001,21,42,1.987565594341775,-12.911196613306942,-2.472152231079551,-0.5321252207679703,True,True,True,True
79,79,"[{'long_ratio': 0.52, 'side': 'both', 'target_entries': 63, 'seed': 79}]","{'fallback_rr': 1.5, 'pip_size': 0.0001, 'sl_buffer_pips': 0.5}",62,71948.31220126395,-28051.68779873605,-28.051687798736047,-29.068814236104945,29.068814236104945,0.6290322580645161,51.61290322580645,48.38709677419355,8114.46821850256,27.419354838709676,-452.4465773989682,0.0007685483870967881,-0.0009717741935483678,1.8524113688242816,-2.4387850956684973,0.867527634341154,17,45,1.987565594341775,-15.264956119314988,-3.2323851956587264,-0.5251317097191786,True,True,True,True
80,80,"[{'long_ratio': 0.52, 'side': 'both', 'target_entries': 63, 'seed': 80}]","{'fallback_rr': 1.5, 'pip_size': 0.0001, 'sl_buffer_pips': 0.5}",63,75856.19199517528,-24143.80800482472,-24.14380800482472,-25.5324681993754,25.5324681993754,1.2063492063492063,52.38095238095239,47.61904761904761,9033.278331094154,31.746031746031743,-383.23504769563107,0.000890476190476177,-0.0010363492063492146,2.099485385571096,-2.3123294041511513,0.7995183507297765,20,43,1.987565594341775,-12.9797904701616,-2.7595795297418713,-0.5083641099170789,True,True,True,True
